,movie_title,actor_1_name,actor_2_name,actor_3_name,director_name,genres,Combined
0,pirates of the caribbean: dead men tell no tales,Johnny Depp,Javier Bardem,Geoffrey Rush,Joachim Rønning Espen Sandberg,Adventure Action Fantasy Comedy,pirates of the caribbean: dead men tell no talesJohnny DeppJavier BardemGeoffrey RushJoachim Rønning Espen SandbergAdventure Action Fantasy Comedy
1,justice league,Ben Affleck,Henry Cavill,Gal Gadot,Zack Snyder,Action Adventure Fantasy Sci-Fi,justice leagueBen AffleckHenry CavillGal GadotZack SnyderAction Adventure Fantasy Sci-Fi
2,thor: ragnarok,Chris Hemsworth,Tom Hiddleston,Cate Blanchett,Taika Waititi,Action Adventure Fantasy Sci-Fi,thor: ragnarokChris HemsworthTom HiddlestonCate BlanchettTaika WaititiAction Adventure Fantasy Sci-Fi
3,guardians of the galaxy vol. 2,Chris Pratt,Zoe Saldana,Dave Bautista,James Gunn,Action Adventure Comedy Sci-Fi,guardians of the galaxy vol. 2Chris PrattZoe SaldanaDave BautistaJames GunnAction Adventure Comedy Sci-Fi
4,the king's daughter,Pierce Brosnan,William Hurt,Benjamin Walker,Sean McNamara,Fantasy Action Adventure,the king's daughterPierce BrosnanWilliam HurtBenjamin WalkerSean McNamaraFantasy Action Adventure
5,extinction: nature has evolved,Ben Loyd-Holmes,Sarah Mac,Neil Newbon,Adam Spinks,Thriller Adventure,extinction: nature has evolvedBen Loyd-HolmesSarah MacNeil NewbonAdam SpinksThriller Adventure
6,for here or to go?,Ali Fazal,Melanie Chandra,Omi Vaidya,Rucha Humnabadkar,Drama Comedy,for here or to go?Ali FazalMelanie ChandraOmi VaidyaRucha HumnabadkarDrama Comedy
7,guardians,Anton Pampushnyy,Sanzhar Madiyev,Sebastien Sisak,Sarik Andreasyan,Action Fantasy Sci-Fi,guardiansAnton PampushnyySanzhar MadiyevSebastien SisakSarik AndreasyanAction Fantasy Sci-Fi
8,the outcasts,Victoria Justice,Eden Sher,Ashley Rickards,Peter Hutchings,Comedy,the outcastsVictoria JusticeEden SherAshley RickardsPeter HutchingsComedy
9,wonder woman,Gal Gadot,Chris Pine,Robin Wright,Patty Jenkins,Action Adventure Fantasy,wonder womanGal GadotChris PineRobin WrightPatty JenkinsAction Adventure Fantasy
10,sly cooper,Chris Murphy,Ian James Corlett,Matt Olsen,Kevin Munroe,Animation Adventure Comedy Action Family,sly cooperChris MurphyIan James CorlettMatt OlsenKevin MunroeAnimation Adventure Comedy Action Family
11,the circle,Emma Watson,Tom Hanks,John Boyega,James Ponsoldt,Drama Thriller Sci-Fi,the circleEmma WatsonTom HanksJohn BoyegaJames PonsoldtDrama Thriller Sci-Fi
12,pitch perfect 3,Anna Kendrick,Rebel Wilson,Brittany Snow,Trish Sie,Comedy,pitch perfect 3Anna KendrickRebel WilsonBrittany SnowTrish SieComedy
14,the devil's candy,Ethan Embry,Shiri Appleby,Kiara Glasco,Sean Byrne,Horror,the devil's candyEthan EmbryShiri ApplebyKiara GlascoSean ByrneHorror
15,las plantas,Violeta Castillo,Ingrid Isensee,Mauricio Vaca,Roberto Doveris,Drama,las plantasVioleta CastilloIngrid IsenseeMauricio VacaRoberto DoverisDrama
16,"return to return to nuke 'em high, aka volume 2",Asta Paredes,Catherine Corcoran,Zac Amino,Lloyd Kaufman,Comedy Horror,"return to return to nuke 'em high, aka volume 2Asta ParedesCatherine CorcoranZac AminoLloyd KaufmanComedy Horror"
17,the cheerleader murders,Amanda Leighton,Samantha Boscarino,Hannah Kasulka,David Jackson,TV Movie Thriller,the cheerleader murdersAmanda LeightonSamantha BoscarinoHannah KasulkaDavid JacksonTV Movie Thriller
18,dean,Demetri Martin,Gillian Jacobs,Christine Woods,Demetri Martin,Comedy,deanDemetri MartinGillian JacobsChristine WoodsDemetri MartinComedy
19,leatherface,Stephen Dorff,Lili Taylor,Sam Strike,Alexandre Bustillo Julien Maury,Horror,leatherfaceStephen DorffLili TaylorSam StrikeAlexandre Bustillo Julien MauryHorror
20,47 meters down,Claire Holt,Mandy Moore,Chris Johnson,Johannes Roberts,Drama Thriller Horror Adventure,47 meters downClaire HoltMandy MooreChris JohnsonJohannes RobertsDrama Thriller Horror Adventure
21,porto,Lucie Lucas,Anton Yelchin,Paulo Calatré,Gabe Klinger,Romance Drama,portoLucie LucasAnton YelchinPaulo CalatréGabe KlingerRomance Drama
22,mamaboy,Sean O'Donnell,Alexandria DeBerry,Gary Busey,Aaron Leong,Comedy Drama Family Fantasy Romance Sci-Fi,mamaboySean O'DonnellAlexandria DeBerryGary BuseyAaron LeongComedy Drama Family Fantasy Romance Sci-Fi
24,the promise,Oscar Isaac,Charlotte Le Bon,Christian Bale,Terry George,History Romance Drama,the promiseOscar IsaacCharlotte Le BonChristian BaleTerry GeorgeHistory Romance Drama
25,all eyez on me,Demetrius Shipp Jr.,Danai Gurira,Kat Graham,Benny Boom,Drama Music,all eyez on meDemetrius Shipp Jr.Danai GuriraKat GrahamBenny BoomDrama Music
26,colossal,Anne Hathaway,Jason Sudeikis,Tim Blake Nelson,Nacho Vigalondo,Action Comedy Drama Fantasy Sci-Fi,colossalAnne HathawayJason SudeikisTim Blake NelsonNacho VigalondoAction Comedy Drama Fantasy Sci-Fi
28,london town,Jonathan Rhys Meyers,Daniel Huttlestone,Dougray Scott,Derrick Borte,Drama Music,london townJonathan Rhys MeyersDaniel HuttlestoneDougray ScottDerrick BorteDrama Music
29,brimstone,Guy Pearce,Dakota Fanning,Carice van Houten,Martin Koolhoven,Mystery Thriller Western,brimstoneGuy PearceDakota FanningCarice van HoutenMartin KoolhovenMystery Thriller Western
30,the white king,Agyness Deyn,Jonathan Pryce,Fiona Shaw,Alex Helfrecht Jörg Tittel,Drama Sci-Fi,the white kingAgyness DeynJonathan PryceFiona ShawAlex Helfrecht Jörg TittelDrama Sci-Fi
31,risk,Julian Assange,Sarah Harrison,Jacob Appelbaum,Laura Poitras,Documentary,riskJulian AssangeSarah HarrisonJacob AppelbaumLaura PoitrasDocumentary
33,shangri-la suite,Emily Browning,Luke Grimes,Ron Livingston,Eddie O'Keefe,Romance Drama Crime,shangri-la suiteEmily BrowningLuke GrimesRon LivingstonEddie O'KeefeRomance Drama Crime
34,godless,Irena Ivanova,Ivan Nalbantov,Ventzislav Konstantinov,Ralitza Petrova,Drama,godlessIrena IvanovaIvan NalbantovVentzislav KonstantinovRalitza PetrovaDrama
35,the space between us,Asa Butterfield,Britt Robertson,Carla Gugino,Peter Chelsom,Romance Adventure Sci-Fi Drama,the space between usAsa ButterfieldBritt RobertsonCarla GuginoPeter ChelsomRomance Adventure Sci-Fi Drama
37,i am not your negro,Samuel L. Jackson,James Baldwin,Malcolm X,Raoul Peck,Documentary,i am not your negroSamuel L. JacksonJames BaldwinMalcolm XRaoul PeckDocumentary
39,a dog's purpose,Dennis Quaid,Britt Robertson,Josh Gad,Lasse Hallström,Comedy Drama Family Fantasy,a dog's purposeDennis QuaidBritt RobertsonJosh GadLasse HallströmComedy Drama Family Fantasy
40,manifesto,Cate Blanchett,Erika Bauer,Ruby Bustamante,Julian Rosefeldt,Drama,manifestoCate BlanchettErika BauerRuby BustamanteJulian RosefeldtDrama
41,the little hours,Alison Brie,Dave Franco,Aubrey Plaza,Jeff Baena,Comedy,the little hoursAlison BrieDave FrancoAubrey PlazaJeff BaenaComedy
42,fist fight,Charlie Day,Ice Cube,Tracy Morgan,Richie Keen,Comedy,fist fightCharlie DayIce CubeTracy MorganRichie KeenComedy
43,sleepless,Jamie Foxx,Michelle Monaghan,Dermot Mulroney,Baran bo Odar,Action Crime Thriller,sleeplessJamie FoxxMichelle MonaghanDermot MulroneyBaran bo OdarAction Crime Thriller
44,a cure for wellness,Dane DeHaan,Jason Isaacs,Mia Goth,Gore Verbinski,Mystery Thriller Horror Sci-Fi,a cure for wellnessDane DeHaanJason IsaacsMia GothGore VerbinskiMystery Thriller Horror Sci-Fi
45,the man,Jakob Oftebro,Ane Dahl Torp,Søren Malling,Charlotte Sieling,Drama Comedy,the manJakob OftebroAne Dahl TorpSøren MallingCharlotte SielingDrama Comedy
46,xxx: return of xander cage,Vin Diesel,Ice Cube,Samuel L. Jackson,D.J. Caruso,Action Adventure Crime,xxx: return of xander cageVin DieselIce CubeSamuel L. JacksonD.J. CarusoAction Adventure Crime
47,the bye bye man,Douglas Smith,Lucien Laviscount,Cressida Bonas,Stacy Title,Horror Thriller,the bye bye manDouglas SmithLucien LaviscountCressida BonasStacy TitleHorror Thriller
48,prevenge,Alice Lowe,Jo Hartley,Kate Dickie,Alice Lowe,Horror Comedy Drama Thriller Fantasy,prevengeAlice LoweJo HartleyKate DickieAlice LoweHorror Comedy Drama Thriller Fantasy
49,the lego batman movie,Will Arnett,Zach Galifianakis,Michael Cera,Chris McKay,Action Animation Comedy Family Fantasy,the lego batman movieWill ArnettZach GalifianakisMichael CeraChris McKayAction Animation Comedy Family Fantasy
50,a wedding,Lina El Arabi,Sébastien Houbani,Babak Karimi,Stephan Streker,Drama,a weddingLina El ArabiSébastien HoubaniBabak KarimiStephan StrekerDrama
51,kung fu yoga,Jackie Chan,Disha Patani,Sonu Sood,Stanley Tong,Mystery Action Adventure Comedy,kung fu yogaJackie ChanDisha PataniSonu SoodStanley TongMystery Action Adventure Comedy
52,rangoon,Saif Ali Khan,Shahid Kapoor,Kangana Ranaut,Vishal Bhardwaj,War History Drama Romance,rangoonSaif Ali KhanShahid KapoorKangana RanautVishal BhardwajWar History Drama Romance
53,death race 2050,Manu Bennett,Malcolm McDowell,Marci Miller,G.J. Echternkamp,Action Comedy Sci-Fi,death race 2050Manu BennettMalcolm McDowellMarci MillerG.J. EchternkampAction Comedy Sci-Fi
54,trespass against us,Michael Fassbender,Brendan Gleeson,Lyndsey Marshal,Adam Smith,Action Drama Crime Thriller,trespass against usMichael FassbenderBrendan GleesonLyndsey MarshalAdam SmithAction Drama Crime Thriller
55,claire in motion,Betsy Brandt,Chris Beetem,Zev Haworth,Lisa Robinson Annie J. Howell,Drama,claire in motionBetsy BrandtChris BeetemZev HaworthLisa Robinson Annie J. HowellDrama
56,coin heist,Alex Saxon,Alexis G. Zall,Sasha Pieterse,Emily Hagins,Family Crime,coin heistAlex SaxonAlexis G. ZallSasha PieterseEmily HaginsFamily Crime
57,rings,Matilda Anna Ingrid Lutz,Alex Roe,Johnny Galecki,F. Javier Gutiérrez,Horror,ringsMatilda Anna Ingrid LutzAlex RoeJohnny GaleckiF. Javier GutiérrezHorror
58,clinical,Vinessa Shaw,Kevin Rahm,Aaron Stanford,Alistair Legrand,Thriller,clinicalVinessa ShawKevin RahmAaron StanfordAlistair LegrandThriller
60,eu fico loko,Michel Joelsas,Alessandra Negrini,Marcello Airoldi,Bruno Garotti,Comedy,eu fico lokoMichel JoelsasAlessandra NegriniMarcello AiroldiBruno GarottiComedy
61,the crash,Frank Grillo,Minnie Driver,AnnaSophia Robb,Aram Rappaport,Crime Thriller,the crashFrank GrilloMinnie DriverAnnaSophia RobbAram RappaportCrime Thriller
62,kizumonogatari part 3: reiketsu,Hiroshi Kamiya,Yui Horie,Maaya Sakamoto,Tatsuya Oishi Akiyuki Shinbo,Animation Fantasy Mystery,kizumonogatari part 3: reiketsuHiroshi KamiyaYui HorieMaaya SakamotoTatsuya Oishi Akiyuki ShinboAnimation Fantasy Mystery
63,john wick: chapter 2,Keanu Reeves,Common,Laurence Fishburne,Chad Stahelski,Thriller Action Crime,john wick: chapter 2Keanu ReevesCommonLaurence FishburneChad StahelskiThriller Action Crime
64,get out,Daniel Kaluuya,Allison Williams,Bradley Whitford,Jordan Peele,Mystery Thriller Horror,get outDaniel KaluuyaAllison WilliamsBradley WhitfordJordan PeeleMystery Thriller Horror
65,logan,Hugh Jackman,Patrick Stewart,Dafne Keen,James Mangold,Action Drama Sci-Fi,loganHugh JackmanPatrick StewartDafne KeenJames MangoldAction Drama Sci-Fi
66,kong: skull island,Tom Hiddleston,Samuel L. Jackson,Brie Larson,Jordan Vogt-Roberts,Action Adventure Fantasy,kong: skull islandTom HiddlestonSamuel L. JacksonBrie LarsonJordan Vogt-RobertsAction Adventure Fantasy
67,city of tiny lights,Riz Ahmed,Billie Piper,James Floyd,Pete Travis,Crime Drama Thriller,city of tiny lightsRiz AhmedBillie PiperJames FloydPete TravisCrime Drama Thriller
68,t2 trainspotting,Ewan McGregor,Jonny Lee Miller,Ewen Bremner,Danny Boyle,Crime Drama,t2 trainspottingEwan McGregorJonny Lee MillerEwen BremnerDanny BoyleCrime Drama
69,science fiction volume one: the osiris child,Kellan Lutz,Daniel MacPherson,Isabel Lucas,Shane Abbess,Sci-Fi,science fiction volume one: the osiris childKellan LutzDaniel MacPhersonIsabel LucasShane AbbessSci-Fi
70,before i fall,Zoey Deutch,Halston Sage,Logan Miller,Ry Russo-Young,Mystery Drama Thriller,before i fallZoey DeutchHalston SageLogan MillerRy Russo-YoungMystery Drama Thriller
71,the big sick,Kumail Nanjiani,Zoe Kazan,Holly Hunter,Michael Showalter,Comedy Drama Romance,the big sickKumail NanjianiZoe KazanHolly HunterMichael ShowalterComedy Drama Romance
72,ingrid goes west,Aubrey Plaza,Elizabeth Olsen,O'Shea Jackson Jr.,Matt Spicer,Drama Comedy,ingrid goes westAubrey PlazaElizabeth OlsenO'Shea Jackson Jr.Matt SpicerDrama Comedy
73,i don't feel at home in this world anymore,Melanie Lynskey,Elijah Wood,David Yow,Macon Blair,Comedy Crime Drama Thriller,i don't feel at home in this world anymoreMelanie LynskeyElijah WoodDavid YowMacon BlairComedy Crime Drama Thriller
74,king arthur: legend of the sword,Charlie Hunnam,Astrid Bergès-Frisbey,Jude Law,Guy Ritchie,Action Drama Fantasy,king arthur: legend of the swordCharlie HunnamAstrid Bergès-FrisbeyJude LawGuy RitchieAction Drama Fantasy
75,beauty and the beast,Emma Watson,Dan Stevens,Luke Evans,Bill Condon,Family Fantasy Romance,beauty and the beastEmma WatsonDan StevensLuke EvansBill CondonFamily Fantasy Romance
76,take the 10,Stella Maeve,Andy Samberg,Josh Peck,Chester Tam,Comedy,take the 10Stella MaeveAndy SambergJosh PeckChester TamComedy
77,the boss baby,Alec Baldwin,Miles Bakshi,Jimmy Kimmel,Tom McGrath,Animation Comedy Family,the boss babyAlec BaldwinMiles BakshiJimmy KimmelTom McGrathAnimation Comedy Family
78,justice league dark,Matt Ryan,Jason O'Mara,Camilla Luddington,Jay Oliva,Action Animation Fantasy Sci-Fi Thriller,justice league darkMatt RyanJason O'MaraCamilla LuddingtonJay OlivaAction Animation Fantasy Sci-Fi Thriller
79,the other me,Pigmalion Dadakaridis,Dimitris Katalifos,Manos Vakousis,Sotiris Tsafoulias,Thriller Mystery,the other mePigmalion DadakaridisDimitris KatalifosManos VakousisSotiris TsafouliasThriller Mystery
81,call me by your name,Timothée Chalamet,Armie Hammer,Michael Stuhlbarg,Luca Guadagnino,Romance Drama,call me by your nameTimothée ChalametArmie HammerMichael StuhlbargLuca GuadagninoRomance Drama
82,iboy,Bill Milner,Maisie Williams,Rory Kinnear,Adam Randall,Action Crime Sci-Fi Thriller,iboyBill MilnerMaisie WilliamsRory KinnearAdam RandallAction Crime Sci-Fi Thriller
83,l'ora legale,Salvatore Ficarra,Valentino Picone,Vincenzo Amato,Salvatore Ficarra Valentino Picone,Comedy,l'ora legaleSalvatore FicarraValentino PiconeVincenzo AmatoSalvatore Ficarra Valentino PiconeComedy
84,catfight,Sandra Oh,Anne Heche,Alicia Silverstone,Onur Tukel,Comedy Drama,catfightSandra OhAnne HecheAlicia SilverstoneOnur TukelComedy Drama
85,a ghost story,Casey Affleck,Rooney Mara,Will Oldham,David Lowery,Drama Fantasy Romance,a ghost storyCasey AffleckRooney MaraWill OldhamDavid LoweryDrama Fantasy Romance
86,ghost in the shell,Scarlett Johansson,Michael Pitt,Pilou Asbæk,Rupert Sanders,Action Sci-Fi Thriller,ghost in the shellScarlett JohanssonMichael PittPilou AsbækRupert SandersAction Sci-Fi Thriller
87,pork pie,Dean O'Gorman,James Rolleston,Ashleigh Cummings,Matt Murphy,Action Comedy Crime,pork pieDean O'GormanJames RollestonAshleigh CummingsMatt MurphyAction Comedy Crime
89,xx,Natalie Brown,Melanie Lynskey,Breeda Wool,Karyn Kusama Jovanka Vuckovic Roxanne Benjamin St. Vincent,Horror,xxNatalie BrownMelanie LynskeyBreeda WoolKaryn Kusama Jovanka Vuckovic Roxanne Benjamin St. VincentHorror
90,ok jaanu,Aditya Roy Kapoor,Shraddha Kapoor,Leela Samson,Shaad Ali,Drama Romance,ok jaanuAditya Roy KapoorShraddha KapoorLeela SamsonShaad AliDrama Romance
91,fifty shades darker,Dakota Johnson,Jamie Dornan,Eric Johnson,James Foley,Drama Romance,fifty shades darkerDakota JohnsonJamie DornanEric JohnsonJames FoleyDrama Romance
92,wilson,Woody Harrelson,Sandy Oian-Thomas,Shaun Brown,Craig Johnson,Drama Comedy,wilsonWoody HarrelsonSandy Oian-ThomasShaun BrownCraig JohnsonDrama Comedy
93,attraction,Rinal Mukhametov,Sergey Garmash,Oleg Menshikov,Fyodor Bondarchuk,Drama Romance Sci-Fi,attractionRinal MukhametovSergey GarmashOleg MenshikovFyodor BondarchukDrama Romance Sci-Fi
94,family heist,Jean Reno,Reem Kherici,Camille Chamoux,Pascal Bourdiaux,Comedy,family heistJean RenoReem KhericiCamille ChamouxPascal BourdiauxComedy
95,don't knock twice,Katee Sackhoff,Lucy Boynton,Javier Botet,Caradog W. James,Horror,don't knock twiceKatee SackhoffLucy BoyntonJavier BotetCaradog W. JamesHorror
96,the ticket,Dan Stevens,Malin Åkerman,Kerry Bishé,Ido Fluk,Drama,the ticketDan StevensMalin ÅkermanKerry BishéIdo FlukDrama
97,lavender,Abbie Cornish,Dermot Mulroney,Diego Klattenhoff,Ed Gass-Donnelly,Drama Thriller,lavenderAbbie CornishDermot MulroneyDiego KlattenhoffEd Gass-DonnellyDrama Thriller
98,detour,Tye Sheridan,Bel Powley,Emory Cohen,Christopher Smith,Thriller,detourTye SheridanBel PowleyEmory CohenChristopher SmithThriller
99,the book of love,Jason Sudeikis,Maisie Williams,Jessica Biel,Bill Purple,Drama,the book of loveJason SudeikisMaisie WilliamsJessica BielBill PurpleDrama
100,the other side of hope,Sakari Kuosmanen,Sherwan Haji,Simon Al-Bazoon,Aki Kaurismäki,Comedy Drama,the other side of hopeSakari KuosmanenSherwan HajiSimon Al-BazoonAki KaurismäkiComedy Drama
102,hickey,Troy Doherty,Flavia Watson,Raychel Diane Weiner,Alex Grossman,Comedy,hickeyTroy DohertyFlavia WatsonRaychel Diane WeinerAlex GrossmanComedy
104,orphan,Adèle Exarchopoulos,Adèle Haenel,Solène Rigot,Arnaud des Pallières,Drama,orphanAdèle ExarchopoulosAdèle HaenelSolène RigotArnaud des PallièresDrama
105,black snow,Ricardo Darín,Leonardo Sbaraglia,Laia Costa,Martín Hodara,Mystery Drama Crime Thriller,black snowRicardo DarínLeonardo SbaragliaLaia CostaMartín HodaraMystery Drama Crime Thriller
107,"michael bolton's big, sexy valentine's day special",Michael Bolton,Adam Scott,Sarah Shahi,Akiva Schaffer Scott Aukerman,Comedy Music,"michael bolton's big, sexy valentine's day specialMichael BoltonAdam ScottSarah ShahiAkiva Schaffer Scott AukermanComedy Music"
108,lost in florence,Brett Dalton,Emily Atack,Stana Katic,Evan Oppenheimer,Adventure Drama Romance,lost in florenceBrett DaltonEmily AtackStana KaticEvan OppenheimerAdventure Drama Romance
109,bad kids of crestview academy,Gina Gershon,Sean Astin,Sammi Hanratty,Ben Browder,Mystery Comedy Thriller Sci-Fi Fantasy,bad kids of crestview academyGina GershonSean AstinSammi HanrattyBen BrowderMystery Comedy Thriller Sci-Fi Fantasy
110,smetto quando voglio: masterclass,Edoardo Leo,Valerio Aprea,Stefano Fresi,Sydney Sibilia,Action Comedy Crime,smetto quando voglio: masterclassEdoardo LeoValerio ApreaStefano FresiSydney SibiliaAction Comedy Crime
111,shepherds and butchers,Andrea Riseborough,Steve Coogan,Deon Lotz,Oliver Schmitz,Drama,shepherds and butchersAndrea RiseboroughSteve CooganDeon LotzOliver SchmitzDrama
112,in dubious battle,James Franco,Nat Wolff,Selena Gomez,James Franco,Drama,in dubious battleJames FrancoNat WolffSelena GomezJames FrancoDrama
113,berlin syndrome,Teresa Palmer,Max Riemelt,Matthias Habich,Cate Shortland,Mystery Thriller Drama Horror,berlin syndromeTeresa PalmerMax RiemeltMatthias HabichCate ShortlandMystery Thriller Drama Horror
115,all this panic,Dusty Rose Ryan,Lena M.,Ginger Leigh Ryan,Jenny Gage,Documentary,all this panicDusty Rose RyanLena M.Ginger Leigh RyanJenny GageDocumentary
116,youth in oregon,Frank Langella,Billy Crudup,Christina Applegate,Joel David Moore,Comedy Drama,youth in oregonFrank LangellaBilly CrudupChristina ApplegateJoel David MooreComedy Drama
117,song to song,Michael Fassbender,Ryan Gosling,Rooney Mara,Terrence Malick,Drama Music Romance,song to songMichael FassbenderRyan GoslingRooney MaraTerrence MalickDrama Music Romance
118,to the bone,Lily Collins,Carrie Preston,Lili Taylor,Marti Noxon,Drama,to the boneLily CollinsCarrie PrestonLili TaylorMarti NoxonDrama
119,girlfriend's day,Bob Odenkirk,Amber Tamblyn,Natasha Lyonne,Michael Stephenson,Comedy Drama,girlfriend's dayBob OdenkirkAmber TamblynNatasha LyonneMichael StephensonComedy Drama
120,have a nice day,Yang Siming,Cao Kou,Ma Xiaofeng,Liu Jian,Animation Crime,have a nice dayYang SimingCao KouMa XiaofengLiu JianAnimation Crime
121,american fable,Peyton Kennedy,Richard Schiff,Kip Pardue,Anne Hamilton,Drama Thriller,american fablePeyton KennedyRichard SchiffKip PardueAnne HamiltonDrama Thriller
123,my blind date with life,Kostja Ullmann,Anna Maria Mühe,Jacob Matschenz,Marc Rothemund,Comedy,my blind date with lifeKostja UllmannAnna Maria MüheJacob MatschenzMarc RothemundComedy
124,a good wife,Mirjana Karanović,Boris Isaković,Marko Nikolić,Mirjana Karanović,Drama,a good wifeMirjana KaranovićBoris IsakovićMarko NikolićMirjana KaranovićDrama
125,spoor,Agnieszka Mandat-Grabka,Wiktor Zborowski,Jakub Gierszał,Agnieszka Holland,Crime Drama Mystery Thriller,spoorAgnieszka Mandat-GrabkaWiktor ZborowskiJakub GierszałAgnieszka HollandCrime Drama Mystery Thriller
126,god's own country,Josh O'Connor,Alec Secareanu,Ian Hart,Francis Lee,Romance Drama,god's own countryJosh O'ConnorAlec SecareanuIan HartFrancis LeeRomance Drama
127,a fantastic woman,Daniela Vega,Francisco Reyes,Luis Gnecco,Sebastián Lelio,Drama,a fantastic womanDaniela VegaFrancisco ReyesLuis GneccoSebastián LelioDrama
128,colo,João Pedro Vaz,Alice Albergaria Borges,Beatriz Batarda,Teresa Villaverde,Drama,coloJoão Pedro VazAlice Albergaria BorgesBeatriz BatardaTeresa VillaverdeDrama
129,"ana, my love",Mircea Postelnicu,Diana Cavallioti,Carmen Tănase,Călin Peter Netzer,Drama,"ana, my loveMircea PostelnicuDiana CavalliotiCarmen TănaseCălin Peter NetzerDrama"
130,hostages,Irakli Kvirikadze,Tinatin Dalakishvili,Merab Ninidze,Rezo Gigineishvili,Drama,hostagesIrakli KvirikadzeTinatin DalakishviliMerab NinidzeRezo GigineishviliDrama
131,lovesong,Jena Malone,Riley Keough,Jessie Ok Gray,So Yong Kim,Drama Romance,lovesongJena MaloneRiley KeoughJessie Ok GraySo Yong KimDrama Romance
133,major grom,Aleksandr Gorbatov,Ivan Fominov,Anton Kuznetsov,Vladimir Besedin,Action Adventure Sci-Fi Drama,major gromAleksandr GorbatovIvan FominovAnton KuznetsovVladimir BesedinAction Adventure Sci-Fi Drama
134,becoming warren buffett,Warren Buffett,Susan Buffett,Bill Gates,Peter W. Kunhardt Brian Oakes,Documentary,becoming warren buffettWarren BuffettSusan BuffettBill GatesPeter W. Kunhardt Brian OakesDocumentary
135,everybody loves somebody,Karla Souza,José María Yazpik,Ben O'Toole,Catalina Aguilar Mastretta,Romance Comedy,everybody loves somebodyKarla SouzaJosé María YazpikBen O'TooleCatalina Aguilar MastrettaRomance Comedy
136,r.a.i.d. special unit,Alice Pol,Dany Boon,Michel Blanc,Dany Boon,Action Comedy,r.a.i.d. special unitAlice PolDany BoonMichel BlancDany BoonAction Comedy
137,britney ever after,Natasha Bassett,Jenna Berman,Matthew Harrison,Leslie Libman,Drama TV Movie,britney ever afterNatasha BassettJenna BermanMatthew HarrisonLeslie LibmanDrama TV Movie
139,fair haven,Tom Wopat,Michael Grant,Gregory Harrison,Kerstin Karlhuber,Family Drama,fair havenTom WopatMichael GrantGregory HarrisonKerstin KarlhuberFamily Drama
142,the glass castle,Brie Larson,Woody Harrelson,Naomi Watts,Destin Cretton,Drama,the glass castleBrie LarsonWoody HarrelsonNaomi WattsDestin CrettonDrama
143,fare,Thomas Torrey,Katherine Drew,J.R. Adduci,Thomas Torrey,Drama Thriller,fareThomas TorreyKatherine DrewJ.R. AdduciThomas TorreyDrama Thriller
144,tom of finland,Pekka Strang,Lauri Tilkanen,Jakob Oftebro,Dome Karukoski,Drama,tom of finlandPekka StrangLauri TilkanenJakob OftebroDome KarukoskiDrama
146,donald cried,Louisa Krause,Allie Marshall,Ariana DeFusco,Kris Avedisian,Drama Comedy,donald criedLouisa KrauseAllie MarshallAriana DeFuscoKris AvedisianDrama Comedy
147,zombie pizza,Rachel Barrer,Gleb Kaminer,Shaun Rey,Mike Dudko,Horror Comedy,zombie pizzaRachel BarrerGleb KaminerShaun ReyMike DudkoHorror Comedy
148,their finest,Gemma Arterton,Sam Claflin,Bill Nighy,Lone Scherfig,Romance War Comedy Drama,their finestGemma ArtertonSam ClaflinBill NighyLone ScherfigRomance War Comedy Drama
149,the ottoman lieutenant,Michiel Huisman,Hera Hilmar,Josh Hartnett,Joseph Ruben,Romance Drama War,the ottoman lieutenantMichiel HuismanHera HilmarJosh HartnettJoseph RubenRomance Drama War
150,lady macbeth,Florence Pugh,Cosmo Jarvis,Paul Hilton,William Oldroyd,Drama,lady macbethFlorence PughCosmo JarvisPaul HiltonWilliam OldroydDrama
151,the sense of an ending,Jim Broadbent,Charlotte Rampling,Harriet Walter,Ritesh Batra,Mystery Drama,the sense of an endingJim BroadbentCharlotte RamplingHarriet WalterRitesh BatraMystery Drama
152,carrie pilby,Bel Powley,Nathan Lane,Gabriel Byrne,Susan Johnson,Drama Comedy,carrie pilbyBel PowleyNathan LaneGabriel ByrneSusan JohnsonDrama Comedy
153,the institute,James Franco,Tim Blake Nelson,Lori Singer,James Franco Pamela Romanowsky,Thriller,the instituteJames FrancoTim Blake NelsonLori SingerJames Franco Pamela RomanowskyThriller
154,internet - o filme,Felipe Castanhari,Rafinha Bastos,PC Siqueira,Filippo Capuzzi Lapietra,Comedy,internet - o filmeFelipe CastanhariRafinha BastosPC SiqueiraFilippo Capuzzi LapietraComedy
155,patients,Pablo Pauly,Soufiane Guerrab,Moussa Mansaly,Mehdi Idir Grand Corps Malade,Drama Comedy,patientsPablo PaulySoufiane GuerrabMoussa MansalyMehdi Idir Grand Corps MaladeDrama Comedy
156,the shack,Sam Worthington,Octavia Spencer,Tim McGraw,Stuart Hazeldine,Drama Fantasy,the shackSam WorthingtonOctavia SpencerTim McGrawStuart HazeldineDrama Fantasy
157,the bride,Victoria Agalakova,Vyacheslav Chepurchenko,Alexandra Rebenok,Svyatoslav Podgayevskiy,Mystery Horror Thriller,the brideVictoria AgalakovaVyacheslav ChepurchenkoAlexandra RebenokSvyatoslav PodgayevskiyMystery Horror Thriller
158,life,Jake Gyllenhaal,Rebecca Ferguson,Ryan Reynolds,Daniel Espinosa,Horror Sci-Fi Thriller,lifeJake GyllenhaalRebecca FergusonRyan ReynoldsDaniel EspinosaHorror Sci-Fi Thriller
159,kaabil,Hrithik Roshan,Yami Gautam,Ronit Roy,Sanjay Gupta,Action Crime Romance,kaabilHrithik RoshanYami GautamRonit RoySanjay GuptaAction Crime Romance
160,the raking,Cree Kelly,Allie Rivera,Thatcher Robinson,Bryan Brewer,Horror,the rakingCree KellyAllie RiveraThatcher RobinsonBryan BrewerHorror
161,sleight,Jacob Latimore,Seychelle Gabriel,Sasheer Zamata,J.D. Dillard,Drama Thriller Action Sci-Fi,sleightJacob LatimoreSeychelle GabrielSasheer ZamataJ.D. DillardDrama Thriller Action Sci-Fi
163,buster's mal heart,Rami Malek,DJ Qualls,Kate Lyn Sheil,Sarah Adina Smith,Mystery Drama,buster's mal heartRami MalekDJ QuallsKate Lyn SheilSarah Adina SmithMystery Drama
164,the king,Jo In-sung,Jung Woo-sung,Bae Seong-woo,Han Jae-rim,Drama Crime,the kingJo In-sungJung Woo-sungBae Seong-wooHan Jae-rimDrama Crime
165,ghosts of darkness,Michael Koltes,Paul Flannery,Lisa Livingstone,David Ryan Keith,Horror,ghosts of darknessMichael KoltesPaul FlanneryLisa LivingstoneDavid Ryan KeithHorror
166,power rangers,Dacre Montgomery,Naomi Scott,RJ Cyler,Dean Israelite,Action Adventure Sci-Fi,power rangersDacre MontgomeryNaomi ScottRJ CylerDean IsraeliteAction Adventure Sci-Fi
167,alien: covenant,Michael Fassbender,Katherine Waterston,Billy Crudup,Ridley Scott,Horror Sci-Fi Thriller,alien: covenantMichael FassbenderKatherine WaterstonBilly CrudupRidley ScottHorror Sci-Fi Thriller
168,beata ignoranza,Marco Giallini,Alessandro Gassman,Teresa Romagnoli,Massimiliano Bruno,Comedy,beata ignoranzaMarco GialliniAlessandro GassmanTeresa RomagnoliMassimiliano BrunoComedy
169,free fire,Sharlto Copley,Armie Hammer,Brie Larson,Ben Wheatley,Action Comedy Crime Thriller,free fireSharlto CopleyArmie HammerBrie LarsonBen WheatleyAction Comedy Crime Thriller
170,casting jonbenet,Hannah Cagwin,Aeona Cruz,Liv Bagley,Kitty Green,Documentary,casting jonbenetHannah CagwinAeona CruzLiv BagleyKitty GreenDocumentary
171,django,Reda Kateb,Cécile de France,Àlex Brendemühl,Etienne Comar,Drama,djangoReda KatebCécile de FranceÀlex BrendemühlEtienne ComarDrama
173,unexpected journey,Noah Kin,Heikki Nousiainen,Mikko Nousiainen,Samuli Valkama,Comedy Drama,unexpected journeyNoah KinHeikki NousiainenMikko NousiainenSamuli ValkamaComedy Drama
174,the dinner,Richard Gere,Laura Linney,Steve Coogan,Oren Moverman,Drama Thriller,the dinnerRichard GereLaura LinneySteve CooganOren MovermanDrama Thriller
175,wild mouse,Josef Hader,Georg Friedrich,Crina Semciuc,Josef Hader,Comedy Crime Drama,wild mouseJosef HaderGeorg FriedrichCrina SemciucJosef HaderComedy Crime Drama
176,the avenue,Cheryl M. Bailey,Louis Ballezzi,Shawn Bittenbender,Brian Vernick,Crime Drama,the avenueCheryl M. BaileyLouis BallezziShawn BittenbenderBrian VernickCrime Drama
177,arsenal,Nicolas Cage,Christopher Rob Bowen,Adrian Grenier,Steven C. Miller,Action Crime Thriller,arsenalNicolas CageChristopher Rob BowenAdrian GrenierSteven C. MillerAction Crime Thriller
178,rescue under fire,Ariadna Gil,Roberto Álamo,Antonio Garrido,Adolfo Martínez Pérez,War,rescue under fireAriadna GilRoberto ÁlamoAntonio GarridoAdolfo Martínez PérezWar
180,from straight a's to xxx,Haley Pullos,Judd Nelson,Sasha Clements,Vanessa Parise,Drama,from straight a's to xxxHaley PullosJudd NelsonSasha ClementsVanessa PariseDrama
181,the invisible guardian,Marta Etura ,Elvira Mínguez,Francesc Orella,Fernando González Molina,Thriller,the invisible guardianMarta Etura Elvira MínguezFrancesc OrellaFernando González MolinaThriller
183,gemini,Lola Kirke,Zoë Kravitz,John Cho,Aaron Katz,Thriller,geminiLola KirkeZoë KravitzJohn ChoAaron KatzThriller
185,lost in paris,Fiona Gordon,Dominique Abel,Emmanuelle Riva,Fiona Gordon Dominique Abel,Comedy,lost in parisFiona GordonDominique AbelEmmanuelle RivaFiona Gordon Dominique AbelComedy
187,david bowie: the last five years,Tony Visconti,Gail Ann Dorsey,Tony Basil,Francis Whately,Music Documentary,david bowie: the last five yearsTony ViscontiGail Ann DorseyTony BasilFrancis WhatelyMusic Documentary
188,sami blood,Lene Cecilia Sparrok,Mia Sparrok,Maj-Doris Rimpi,Amanda Kernell,Drama,sami bloodLene Cecilia SparrokMia SparrokMaj-Doris RimpiAmanda KernellDrama
189,the evil within,Fred Koehler,Sean Patrick Flanery,Brianna Brown,Andrew Getty,Horror,the evil withinFred KoehlerSean Patrick FlaneryBrianna BrownAndrew GettyHorror
190,the last word,Shirley MacLaine,Amanda Seyfried,Anne Heche,Mark Pellington,Comedy Drama,the last wordShirley MacLaineAmanda SeyfriedAnne HecheMark PellingtonComedy Drama
191,chips,Michael Peña,Dax Shepard,Jessica McNamee,Dax Shepard,Action Comedy Crime,chipsMichael PeñaDax ShepardJessica McNameeDax ShepardAction Comedy Crime
192,table 19,Anna Kendrick,Craig Robinson,June Squibb,Jeffrey Blitz,Comedy Drama,table 19Anna KendrickCraig RobinsonJune SquibbJeffrey BlitzComedy Drama
193,going in style,Morgan Freeman,Michael Caine,Alan Arkin,Zach Braff,Crime Comedy Drama,going in styleMorgan FreemanMichael CaineAlan ArkinZach BraffCrime Comedy Drama
194,bokeh,Maika Monroe,Matt O'Leary,Arnar Jónsson,Geoffrey Orthwein Andrew Sullivan,Drama Sci-Fi Thriller,bokehMaika MonroeMatt O'LearyArnar JónssonGeoffrey Orthwein Andrew SullivanDrama Sci-Fi Thriller
195,alibi.com,Philippe Lacheau,Élodie Fontan,Julien Arruti,Philippe Lacheau,Comedy,alibi.comPhilippe LacheauÉlodie FontanJulien ArrutiPhilippe LacheauComedy
197,all nighter,J.K. Simmons,Analeigh Tipton,Emile Hirsch,Gavin Wiesen,Comedy,all nighterJ.K. SimmonsAnaleigh TiptonEmile HirschGavin WiesenComedy
198,mr & mme adelman,Nicolas Bedos,Doria Tillier,Denis Podalydès,Nicolas Bedos,Romance Drama Comedy,mr & mme adelmanNicolas BedosDoria TillierDenis PodalydèsNicolas BedosRomance Drama Comedy
199,deidra & laney rob a train,Ashleigh Murray,Rachel Crow,Tim Blake Nelson,Sydney Freeland,Drama Comedy Crime,deidra & laney rob a trainAshleigh MurrayRachel CrowTim Blake NelsonSydney FreelandDrama Comedy Crime
200,carnage: swallowing the past,Simon Amstell,Linda Bassett,Martin Freeman,Simon Amstell,Sci-Fi Comedy Documentary,carnage: swallowing the pastSimon AmstellLinda BassettMartin FreemanSimon AmstellSci-Fi Comedy Documentary
201,the most hated woman in america,Melissa Leo,Josh Lucas,Michael Chernus,Tommy O'Haver,Crime Drama,the most hated woman in americaMelissa LeoJosh LucasMichael ChernusTommy O'HaverCrime Drama
202,bitter harvest,Max Irons,Samantha Barks,Terence Stamp,George Mendeluk,War Drama History Romance,bitter harvestMax IronsSamantha BarksTerence StampGeorge MendelukWar Drama History Romance
203,vengeance: a love story,Nicolas Cage,Deborah Kara Unger,Anna Hutchison,Johnny Martin,Action Thriller,vengeance: a love storyNicolas CageDeborah Kara UngerAnna HutchisonJohnny MartinAction Thriller
204,the bar,Mario Casas,Blanca Suárez,Carmen Machi,Álex de la Iglesia,Horror Thriller Comedy,the barMario CasasBlanca SuárezCarmen MachiÁlex de la IglesiaHorror Thriller Comedy
205,middle man,Jim O'Heir,Andrew J. West,Josh McDermitt,Ned Crowley,Drama Comedy Crime Thriller,middle manJim O'HeirAndrew J. WestJosh McDermittNed CrowleyDrama Comedy Crime Thriller
206,miles,Tim Boardman,Missi Pyle,Stephen Root,Nathan Adloff,Drama,milesTim BoardmanMissi PyleStephen RootNathan AdloffDrama
207,smurfs: the lost village,Julia Roberts,Ariel Winter,Ellie Kemper,Kelly Asbury,Adventure Animation Comedy Family,smurfs: the lost villageJulia RobertsAriel WinterEllie KemperKelly AsburyAdventure Animation Comedy Family
208,the discovery,Jason Segel,Rooney Mara,Robert Redford,Charlie McDowell,Drama Romance Sci-Fi Thriller,the discoveryJason SegelRooney MaraRobert RedfordCharlie McDowellDrama Romance Sci-Fi Thriller
209,viceroy's house,Hugh Bonneville,Gillian Anderson,Michael Gambon,Gurinder Chadha,Drama History,viceroy's houseHugh BonnevilleGillian AndersonMichael GambonGurinder ChadhaDrama History
210,the devotion of suspect x,Nick Wang,Zhang Lu-Yi,Ruby Lin,Alec Su,Mystery Thriller,the devotion of suspect xNick WangZhang Lu-YiRuby LinAlec SuMystery Thriller
211,the zookeeper's wife,Jessica Chastain,Johan Heldenbergh,Daniel Brühl,Niki Caro,Drama History,the zookeeper's wifeJessica ChastainJohan HeldenberghDaniel BrühlNiki CaroDrama History
212,female fight club,Amy Johnston,Cortney Palm,Rey Goyos,Miguel A. Ferrer,Drama Action,female fight clubAmy JohnstonCortney PalmRey GoyosMiguel A. FerrerDrama Action
213,eloise,Eliza Dushku,Robert Patrick,Chace Crawford,Robert Legato,Horror Mystery Thriller,eloiseEliza DushkuRobert PatrickChace CrawfordRobert LegatoHorror Mystery Thriller
214,gifted,Chris Evans,Mckenna Grace,Lindsay Duncan,Marc Webb,Drama,giftedChris EvansMckenna GraceLindsay DuncanMarc WebbDrama
215,teen titans: the judas contract,Stuart Allan,Jake T. Austin,Taissa Farmiga,Sam Liu,Sci-Fi Animation Action,teen titans: the judas contractStuart AllanJake T. AustinTaissa FarmigaSam LiuSci-Fi Animation Action
218,aftermath,Arnold Schwarzenegger,Scoot McNairy,Maggie Grace,Elliott Lester,Drama Thriller,aftermathArnold SchwarzeneggerScoot McNairyMaggie GraceElliott LesterDrama Thriller
219,small town killers,Nicolas Bro,Ulrich Thomsen,Mia Lyhne,Ole Bornedal,Comedy Crime Drama,small town killersNicolas BroUlrich ThomsenMia LyhneOle BornedalComedy Crime Drama
220,the bigfoot project,Andy Goldenberg,Emily Roya O'Brien,Nick Armstrong,Ricardo Herrera,Comedy,the bigfoot projectAndy GoldenbergEmily Roya O'BrienNick ArmstrongRicardo HerreraComedy
221,the case for christ,Mike Vogel,Erika Christensen,Faye Dunaway,Jon Gunn,Drama,the case for christMike VogelErika ChristensenFaye DunawayJon GunnDrama
222,1 mile to you,Graham Rogers,Billy Crudup,Liana Liberato,Leif Tilden,Drama Romance,1 mile to youGraham RogersBilly CrudupLiana LiberatoLeif TildenDrama Romance
223,spark: a space tail,Jessica Biel,Hilary Swank,Susan Sarandon,Aaron Woodley,Adventure Animation Comedy Family Sci-Fi,spark: a space tailJessica BielHilary SwankSusan SarandonAaron WoodleyAdventure Animation Comedy Family Sci-Fi
224,"everything, everything",Amandla Stenberg,Nick Robinson,Anika Noni Rose,Stella Meghie,Drama Romance,"everything, everythingAmandla StenbergNick RobinsonAnika Noni RoseStella MeghieDrama Romance"
225,diary of a wimpy kid: the long haul,Jason Ian Drucker,Owen Asztalos,Charlie Wright,David Bowers,Comedy Family,diary of a wimpy kid: the long haulJason Ian DruckerOwen AsztalosCharlie WrightDavid BowersComedy Family
226,félicité,Véro Tshanda Beya Mputu,Gaetan Claudia,Papi Mpaka,Alain Gomis,Drama,félicitéVéro Tshanda Beya MputuGaetan ClaudiaPapi MpakaAlain GomisDrama
227,dance to death,Agniya Ditkovskite,Denis Shvedov,Anvar Khalilulaev,Andrey Volgin,Action Fantasy,dance to deathAgniya DitkovskiteDenis ShvedovAnvar KhalilulaevAndrey VolginAction Fantasy
228,the spacewalker,Evgeny Mironov,Konstantin Khabenskiy,Vladimir Ilin,Dmitriy Kiselev,Adventure Drama History,the spacewalkerEvgeny MironovKonstantin KhabenskiyVladimir IlinDmitriy KiselevAdventure Drama History
229,baywatch,Dwayne Johnson,Zac Efron,Alexandra Daddario,Seth Gordon,Action Comedy,baywatchDwayne JohnsonZac EfronAlexandra DaddarioSeth GordonAction Comedy
230,unforgettable,Rosario Dawson,Katherine Heigl,Geoff Stults,Denise Di Novi,Drama Thriller,unforgettableRosario DawsonKatherine HeiglGeoff StultsDenise Di NoviDrama Thriller
231,snatched,Amy Schumer,Goldie Hawn,Tom Bateman,Jonathan Levine,Action Comedy,snatchedAmy SchumerGoldie HawnTom BatemanJonathan LevineAction Comedy
232,the mummy,Tom Cruise,Russell Crowe,Annabelle Wallis,Alex Kurtzman,Thriller Action Adventure,the mummyTom CruiseRussell CroweAnnabelle WallisAlex KurtzmanThriller Action Adventure
233,from a house on willow street,Sharni Vinson,Carlyn Burchell,Steve John Ward,Alastair Orr,Action Horror,from a house on willow streetSharni VinsonCarlyn BurchellSteve John WardAlastair OrrAction Horror
234,the fate of the furious,Vin Diesel,Jason Statham,Dwayne Johnson,F. Gary Gray,Action Crime Thriller,the fate of the furiousVin DieselJason StathamDwayne JohnsonF. Gary GrayAction Crime Thriller
235,after porn ends 2,Ginger Lynn Allen,Lisa Ann,Janine Lindemulder,Bryce Wagoner,Documentary,after porn ends 2Ginger Lynn AllenLisa AnnJanine LindemulderBryce WagonerDocumentary
236,burning sands,Trevor Jackson,Alfre Woodard,Steve Harris,Gerard McMurray,Drama,burning sandsTrevor JacksonAlfre WoodardSteve HarrisGerard McMurrayDrama
237,teleios,Sunny Mabrey,Lance Broadway,T.J. Hoban,Ian Truitner,Sci-Fi,teleiosSunny MabreyLance BroadwayT.J. HobanIan TruitnerSci-Fi
238,sandy wexler,Adam Sandler,Kevin James,Terry Crews,Steven Brill,Comedy,sandy wexlerAdam SandlerKevin JamesTerry CrewsSteven BrillComedy
239,extortion,Bethany Joy Lenz,Danny Glover,Tim Griffin,Phil Volken,Action Adventure Crime Drama Thriller,extortionBethany Joy LenzDanny GloverTim GriffinPhil VolkenAction Adventure Crime Drama Thriller
241,the transfiguration,Eric Ruffin,Chloe Levine,Aaron Moten,Michael O'Shea,Horror Drama,the transfigurationEric RuffinChloe LevineAaron MotenMichael O'SheaHorror Drama
242,another evil,Steve Zissis,Mark Proksch,Jennifer Irwin,Carson D. Mell,Comedy Horror,another evilSteve ZissisMark ProkschJennifer IrwinCarson D. MellComedy Horror
243,win it all,Jake Johnson,Aislinn Derbez,Joe Lo Truglio,Joe Swanberg,Comedy,win it allJake JohnsonAislinn DerbezJoe Lo TruglioJoe SwanbergComedy
244,captain underpants: the first epic movie,Kevin Hart,Ed Helms,Thomas Middleditch,David Soren,Action Animation Comedy Family,captain underpants: the first epic movieKevin HartEd HelmsThomas MiddleditchDavid SorenAction Animation Comedy Family
245,3 idiotas,Martha Higareda,Alfonso Dosal,Christian Vazquez,Carlos Bolado,Family Comedy,3 idiotasMartha HigaredaAlfonso DosalChristian VazquezCarlos BoladoFamily Comedy
246,band aid,Zoe Lister-Jones,Adam Pally,Fred Armisen,Zoe Lister-Jones,Comedy,band aidZoe Lister-JonesAdam PallyFred ArmisenZoe Lister-JonesComedy
247,it comes at night,Joel Edgerton,Christopher Abbott,Carmen Ejogo,Trey Edward Shults,Horror Mystery Thriller,it comes at nightJoel EdgertonChristopher AbbottCarmen EjogoTrey Edward ShultsHorror Mystery Thriller
248,megan leavey,Kate Mara,Ramón Rodríguez,Tom Felton,Gabriela Cowperthwaite,Drama War,megan leaveyKate MaraRamón RodríguezTom FeltonGabriela CowperthwaiteDrama War
249,my cousin rachel,Rachel Weisz,Sam Claflin,Holliday Grainger,Roger Michell,Drama Romance,my cousin rachelRachel WeiszSam ClaflinHolliday GraingerRoger MichellDrama Romance
250,i love you both,Artemis Pebdani,Sasha Mitchell,Angela Trimbur,Doug Archibald,Comedy,i love you bothArtemis PebdaniSasha MitchellAngela TrimburDoug ArchibaldComedy
251,11:55,Victor Almanzar,Shirley Rumierk,Elizabeth Rodriguez,Ari Issler Ben Snyder,Drama Crime,11:55Victor AlmanzarShirley RumierkElizabeth RodriguezAri Issler Ben SnyderDrama Crime
252,cars 3,Owen Wilson,Cristela Alonzo,Chris Cooper,Brian Fee,Family Comedy Animation Adventure,cars 3Owen WilsonCristela AlonzoChris CooperBrian FeeFamily Comedy Animation Adventure
253,maudie,Sally Hawkins,Ethan Hawke,Gabrielle Rose,Aisling Walsh,Drama History Romance,maudieSally HawkinsEthan HawkeGabrielle RoseAisling WalshDrama History Romance
254,resident evil: vendetta,Kevin Dorman,Matthew Mercer,Erin Cahill,Takanori Tsujimoto,Action Adventure Animation Horror Mystery Sci-Fi,resident evil: vendettaKevin DormanMatthew MercerErin CahillTakanori TsujimotoAction Adventure Animation Horror Mystery Sci-Fi
255,mad families,Leah Remini,Charlotte McKinney,Charlie Sheen,Fred Wolf,Comedy,mad familiesLeah ReminiCharlotte McKinneyCharlie SheenFred WolfComedy
256,false confessions,Isabelle Huppert,Louis Garrel,Bulle Ogier,Luc Bondy,Drama Comedy,false confessionsIsabelle HuppertLouis GarrelBulle OgierLuc BondyDrama Comedy
257,the marine 5: battleground,Mike Mizanin,Anna Van Hooft,Maryse Ouellet Mizanin,James Nunn,Action,the marine 5: battlegroundMike MizaninAnna Van HooftMaryse Ouellet MizaninJames NunnAction
258,the covenant,Monica Engesser,Clint James,Maria Olsen,Robert Conway,Horror,the covenantMonica EngesserClint JamesMaria OlsenRobert ConwayHorror
259,rufus 2,Jace Norman,Davis Cleveland,Haley Tju,Savage Steve Holland,Family Fantasy Comedy,rufus 2Jace NormanDavis ClevelandHaley TjuSavage Steve HollandFamily Fantasy Comedy
260,the book of henry,Naomi Watts,Jaeden Lieberher,Jacob Tremblay,Colin Trevorrow,Thriller Drama Crime,the book of henryNaomi WattsJaeden LieberherJacob TremblayColin TrevorrowThriller Drama Crime
261,the hero,Sam Elliott,Laura Prepon,Nick Offerman,Brett Haley,Drama,the heroSam ElliottLaura PreponNick OffermanBrett HaleyDrama
262,citizen jane: battle for the city,Thomas Campanella,Mindy Fullilove,Alexander Garvin,Matt Tyrnauer,Documentary,citizen jane: battle for the cityThomas CampanellaMindy FulliloveAlexander GarvinMatt TyrnauerDocumentary
263,the wall,Aaron Taylor-Johnson,John Cena,Laith Nakli,Doug Liman,Drama Thriller War,the wallAaron Taylor-JohnsonJohn CenaLaith NakliDoug LimanDrama Thriller War
264,diamond cartel,Armand Assante,Karlygash Mukhamedzhanova,Alexey Frandetti,Salamat Mukhammed-Ali,Action,diamond cartelArmand AssanteKarlygash MukhamedzhanovaAlexey FrandettiSalamat Mukhammed-AliAction
266,phoenix forgotten,Florence Hartigan,Jeanine Jackson,Chelsea Lopez,Justin Barber,Horror Mystery Sci-Fi,phoenix forgottenFlorence HartiganJeanine JacksonChelsea LopezJustin BarberHorror Mystery Sci-Fi
267,skins,Jon Kortajarena,Candela Peña,Ana Polvorosa,Eduardo Casanova,Drama Comedy,skinsJon KortajarenaCandela PeñaAna PolvorosaEduardo CasanovaDrama Comedy
268,the immortal life of henrietta lacks,Rose Byrne,Renée Elise Goldsberry,Oprah Winfrey,George C. Wolfe,Drama,the immortal life of henrietta lacksRose ByrneRenée Elise GoldsberryOprah WinfreyGeorge C. WolfeDrama
270,tommy's honour,Peter Mullan,Jack Lowden,Ophelia Lovibond,Jason Connery,Drama Romance,tommy's honourPeter MullanJack LowdenOphelia LovibondJason ConneryDrama Romance
271,handsome devil,Nicholas Galitzine,Fionn O'Shea,Moe Dunford,John Butler,Drama,handsome devilNicholas GalitzineFionn O'SheaMoe DunfordJohn ButlerDrama
272,lowriders,Demián Bichir,Gabriel Chavarria,Theo Rossi,Ricardo de Montreuil,Drama,lowridersDemián BichirGabriel ChavarriaTheo RossiRicardo de MontreuilDrama
273,cold hell,Violetta Schurawlow,Tobias Moretti,Robert Palfrader,Stefan Ruzowitzky,Thriller,cold hellVioletta SchurawlowTobias MorettiRobert PalfraderStefan RuzowitzkyThriller
274,the dark tapes,Cortney Palm,David Hull,Emilia Zoryan,Vincent J. Guastini Michael McQuown,Horror Sci-Fi Thriller,the dark tapesCortney PalmDavid HullEmilia ZoryanVincent J. Guastini Michael McQuownHorror Sci-Fi Thriller
275,beyond skyline,Frank Grillo,Bojana Novaković,Iko Uwais,Liam O'Donnell,Action Sci-Fi,beyond skylineFrank GrilloBojana NovakovićIko UwaisLiam O'DonnellAction Sci-Fi
276,punching henry,Henry Phillips,J.K. Simmons,Sarah Silverman,Gregori Viens,Comedy,punching henryHenry PhillipsJ.K. SimmonsSarah SilvermanGregori ViensComedy
277,how to be a latin lover,Eugenio Derbez,Salma Hayek,Rob Lowe,Ken Marino,Comedy,how to be a latin loverEugenio DerbezSalma HayekRob LoweKen MarinoComedy
278,the trip to spain,Steve Coogan,Rob Brydon,Claire Keelan,Michael Winterbottom,Drama Comedy,the trip to spainSteve CooganRob BrydonClaire KeelanMichael WinterbottomDrama Comedy
280,brigsby bear,Kyle Mooney,Claire Danes,Mark Hamill,Dave McCary,Comedy Drama,brigsby bearKyle MooneyClaire DanesMark HamillDave McCaryComedy Drama
282,i am heath ledger,Heath Ledger,Kate Ledger,Kim Ledger,Derik Murray Adrian Buitenhuis,Documentary,i am heath ledgerHeath LedgerKate LedgerKim LedgerDerik Murray Adrian BuitenhuisDocumentary
283,sand castle,Nicholas Hoult,Logan Marshall-Green,Henry Cavill,Fernando Coimbra,Drama War,sand castleNicholas HoultLogan Marshall-GreenHenry CavillFernando CoimbraDrama War
284,moontrap: target earth,Sarah Butler,Damon Dayoub,Charles Shaughnessy,Robert Dyke,Action Sci-Fi Adventure,moontrap: target earthSarah ButlerDamon DayoubCharles ShaughnessyRobert DykeAction Sci-Fi Adventure
286,"have fun, vasya!",Efim Petrunin,Lyubov Aksyonova,Sofya Rayzman,Roman Karimov,Comedy,"have fun, vasya!Efim PetruninLyubov AksyonovaSofya RayzmanRoman KarimovComedy"
287,fabricated city,Ji Chang-wook,Shim Eun-kyung,Ahn Jae-hong,Park Kwang-hyun,Action,fabricated cityJi Chang-wookShim Eun-kyungAhn Jae-hongPark Kwang-hyunAction
288,unlocked,Noomi Rapace,Orlando Bloom,Michael Douglas,Michael Apted,Action Thriller,unlockedNoomi RapaceOrlando BloomMichael DouglasMichael AptedAction Thriller
289,voice from the stone,Emilia Clarke,Marton Csokas,Caterina Murino,Eric D. Howell,Drama Mystery Romance Thriller,voice from the stoneEmilia ClarkeMarton CsokasCaterina MurinoEric D. HowellDrama Mystery Romance Thriller
290,small crimes,Nikolaj Coster-Waldau,Jacki Weaver,Robert Forster,E.L. Katz,Drama Comedy Thriller Crime,small crimesNikolaj Coster-WaldauJacki WeaverRobert ForsterE.L. KatzDrama Comedy Thriller Crime
291,kolonya cumhuriyeti,Çaglar Çorumlu,Büşra Pekin,Mahir Ipek,Murat Kepez,Comedy,kolonya cumhuriyetiÇaglar ÇorumluBüşra PekinMahir IpekMurat KepezComedy
292,a few less men,Dacre Montgomery,Xavier Samuel,Kris Marshall,Mark Lamprell,Comedy,a few less menDacre MontgomeryXavier SamuelKris MarshallMark LamprellComedy
293,bottom of the world,Jena Malone,Douglas Smith,Ted Levine,Richard Sears,Drama Mystery Thriller,bottom of the worldJena MaloneDouglas SmithTed LevineRichard SearsDrama Mystery Thriller
294,stratton,Dominic Cooper,Gemma Chan,Connie Nielsen,Simon West,Action Thriller,strattonDominic CooperGemma ChanConnie NielsenSimon WestAction Thriller
295,the lovers,Debra Winger,Tracy Letts,Aidan Gillen,Azazel Jacobs,Comedy,the loversDebra WingerTracy LettsAidan GillenAzazel JacobsComedy
296,baahubali 2: the conclusion,Prabhas,Rana Daggubati,Sathyaraj,S.S. Rajamouli,Action Adventure History War,baahubali 2: the conclusionPrabhasRana DaggubatiSathyarajS.S. RajamouliAction Adventure History War
297,tomato red,Julia Garner,Jake Weary,Anna Friel,Juanita Wilson,Drama Thriller,tomato redJulia GarnerJake WearyAnna FrielJuanita WilsonDrama Thriller
298,taking earth,Ronan Quarmby,Brad Richards,Barbara Harrison,Grant Humphreys,Sci-Fi,taking earthRonan QuarmbyBrad RichardsBarbara HarrisonGrant HumphreysSci-Fi
300,omicidio all'italiana,Maccio Capatonda,Maccio Capatonda,Maccio Capatonda,Maccio Capatonda,Comedy,omicidio all'italianaMaccio CapatondaMaccio CapatondaMaccio CapatondaMaccio CapatondaComedy
301,norman: the moderate rise and tragic fall of a new york fixer,Richard Gere,Lior Ashkenazi,Michael Sheen,Joseph Cedar,Comedy Thriller Drama,norman: the moderate rise and tragic fall of a new york fixerRichard GereLior AshkenaziMichael SheenJoseph CedarComedy Thriller Drama
302,seizure,Jimmy Allen,Lindsay Bennett,Chris Blackwood,Jamie Cymbal Ryan Simons,Horror,seizureJimmy AllenLindsay BennettChris BlackwoodJamie Cymbal Ryan SimonsHorror
303,amityville: the awakening,Bella Thorne,Cameron Monaghan,Jennifer Morrison,Franck Khalfoun,Thriller Horror,amityville: the awakeningBella ThorneCameron MonaghanJennifer MorrisonFranck KhalfounThriller Horror
304,the beguiled,Colin Farrell,Nicole Kidman,Kirsten Dunst,Sofia Coppola,Drama Western,the beguiledColin FarrellNicole KidmanKirsten DunstSofia CoppolaDrama Western
305,the reagan show,Ronald Reagan,Nancy Reagan,Barbara Walters,Sierra Pettengill Pacho Velez,Documentary,the reagan showRonald ReaganNancy ReaganBarbara WaltersSierra Pettengill Pacho VelezDocumentary
306,baby driver,Ansel Elgort,Lily James,Kevin Spacey,Edgar Wright,Action Crime,baby driverAnsel ElgortLily JamesKevin SpaceyEdgar WrightAction Crime
307,okja,Tilda Swinton,Paul Dano,Ahn Seo-hyun ,Bong Joon-ho,Adventure Drama Fantasy Sci-Fi,okjaTilda SwintonPaul DanoAhn Seo-hyun Bong Joon-hoAdventure Drama Fantasy Sci-Fi
308,asylum of darkness,Tim Thomerson,Richard Hatch,Tiffany Shepis,Jay Woelfel,Horror,asylum of darknessTim ThomersonRichard HatchTiffany ShepisJay WoelfelHorror
309,rough night,Scarlett Johansson,Jillian Bell,Kate McKinnon,Lucia Aniello,Drama Comedy,rough nightScarlett JohanssonJillian BellKate McKinnonLucia AnielloDrama Comedy
310,mindhorn,Julian Barratt,Simon Farnaby,Essie Davis,Sean Foley,Comedy,mindhornJulian BarrattSimon FarnabyEssie DavisSean FoleyComedy
311,oasis,Richard Madden,Flora Spencer-Longhurst,Moshidi Motshegwa,Kevin Macdonald,TV Movie Drama Sci-Fi,oasisRichard MaddenFlora Spencer-LonghurstMoshidi MotshegwaKevin MacdonaldTV Movie Drama Sci-Fi
312,generation iron 2,Calum Von Moger,Kai Greene,Rich Piana,Vlad Yudin,Documentary,generation iron 2Calum Von MogerKai GreeneRich PianaVlad YudinDocumentary
313,the shadow effect,Jonathan Rhys Meyers,Cam Gigandet,Michael Biehn,Amariah Olson Obin Olson,Sci-Fi Action Thriller,the shadow effectJonathan Rhys MeyersCam GigandetMichael BiehnAmariah Olson Obin OlsonSci-Fi Action Thriller
314,commando 2: the black money trail,Vidyut Jamwal,Adah Sharma,Freddy Daruwala,Deven Bhojani,Action,commando 2: the black money trailVidyut JamwalAdah SharmaFreddy DaruwalaDeven BhojaniAction
315,monster high: electrified,Katy Townsend,Debi Derryberry,Cassandra Morris,Avgousta Zourelidi,Family Animation,monster high: electrifiedKaty TownsendDebi DerryberryCassandra MorrisAvgousta ZourelidiFamily Animation
316,patti cake$,Danielle Macdonald,Bridget Everett,Siddharth Dhananjay,Geremy Jasper,Drama,patti cake$Danielle MacdonaldBridget EverettSiddharth DhananjayGeremy JasperDrama
317,loveless,Maryana Spivak,Aleksey Rozin,Matvey Novikov,Andrey Zvyagintsev,Drama,lovelessMaryana SpivakAleksey RozinMatvey NovikovAndrey ZvyagintsevDrama
318,moonlight in vermont,Lacey Chabert,Carlo Marks,Jesse Moss,Mel Damski,Romance TV Movie,moonlight in vermontLacey ChabertCarlo MarksJesse MossMel DamskiRomance TV Movie
319,handsome: a netflix mystery movie,Jeff Garlin,Natasha Lyonne,Chris Redd,Jeff Garlin,Comedy,handsome: a netflix mystery movieJeff GarlinNatasha LyonneChris ReddJeff GarlinComedy
320,batman & bill,Michael Uslan,Roy Thomas,Marc Tyler Nobleman,Don Argott Sheena M. Joyce,Documentary,batman & billMichael UslanRoy ThomasMarc Tyler NoblemanDon Argott Sheena M. JoyceDocumentary
321,monolith,Katrina Bowden,Jay Hayden,Damon Dayoub,Ivan Silvestrini,Drama Thriller,monolithKatrina BowdenJay HaydenDamon DayoubIvan SilvestriniDrama Thriller
322,the axe murders of villisca,Robert Adamson,Alex Frnka,Conchata Ferrell,Tony E. Valenzuela,Horror,the axe murders of villiscaRobert AdamsonAlex FrnkaConchata FerrellTony E. ValenzuelaHorror
323,permission,Rebecca Hall,Jason Sudeikis,Dan Stevens,Brian Crano,Comedy Romance,permissionRebecca HallJason SudeikisDan StevensBrian CranoComedy Romance
324,ismael's ghosts,Mathieu Amalric,Marion Cotillard,Charlotte Gainsbourg,Arnaud Desplechin,Drama Romance Thriller,ismael's ghostsMathieu AmalricMarion CotillardCharlotte GainsbourgArnaud DesplechinDrama Romance Thriller
325,the hunter's prayer,Sam Worthington,Odeya Rush,Amy Landecker,Jonathan Mostow,Action Thriller,the hunter's prayerSam WorthingtonOdeya RushAmy LandeckerJonathan MostowAction Thriller
326,he even has your eyes,Lucien Jean-Baptiste,Aïssa Maïga,Vincent Elbaz,Lucien Jean-Baptiste,Comedy,he even has your eyesLucien Jean-BaptisteAïssa MaïgaVincent ElbazLucien Jean-BaptisteComedy
327,beatriz at dinner,Salma Hayek,John Lithgow,Connie Britton,Miguel Arteta,Comedy Drama,beatriz at dinnerSalma HayekJohn LithgowConnie BrittonMiguel ArtetaComedy Drama
328,get me roger stone,Roger Stone,Donald Trump,Paul Manafort,Dylan Bank Morgan Pehme Daniel DiMauro,Documentary,get me roger stoneRoger StoneDonald TrumpPaul ManafortDylan Bank Morgan Pehme Daniel DiMauroDocumentary
330,boone: the bounty hunter,John Hennigan,Spencer Grammer,Lorenzo Lamas,Robert Kirbyson,Action,boone: the bounty hunterJohn HenniganSpencer GrammerLorenzo LamasRobert KirbysonAction
331,despicable me 3,Steve Carell,Kristen Wiig,Trey Parker,Kyle Balda Pierre Coffin,Action Animation Adventure Family Comedy,despicable me 3Steve CarellKristen WiigTrey ParkerKyle Balda Pierre CoffinAction Animation Adventure Family Comedy
332,the levelling,Ellie Kendrick,David Troughton,Jack Holden,Hope Dickson Leach,Drama,the levellingEllie KendrickDavid TroughtonJack HoldenHope Dickson LeachDrama
333,tracktown,Alexi Pappas,Chase Offerle,Rebecca Friday,Alexi Pappas Jeremy Teicher,Drama,tracktownAlexi PappasChase OfferleRebecca FridayAlexi Pappas Jeremy TeicherDrama
334,king charles iii,Tim Pigott-Smith,Charlotte Riley,Oliver Chris,Rupert Goold,Drama,king charles iiiTim Pigott-SmithCharlotte RileyOliver ChrisRupert GooldDrama
336,alcoholist,Bill Moseley,Gabriella Wright,John Robinson,Lucas Pavetto,Drama Thriller,alcoholistBill MoseleyGabriella WrightJohn RobinsonLucas PavettoDrama Thriller
338,dead awake,Lori Petty,Jesse Bradford,Brea Grant,Phillip Guzman,Horror Thriller,dead awakeLori PettyJesse BradfordBrea GrantPhillip GuzmanHorror Thriller
339,the midwife,Catherine Frot,Catherine Deneuve,Olivier Gourmet,Martin Provost,Comedy Drama,the midwifeCatherine FrotCatherine DeneuveOlivier GourmetMartin ProvostComedy Drama
340,a family man,Gerard Butler,Gretchen Mol,Willem Dafoe,Mark Williams,Drama,a family manGerard ButlerGretchen MolWillem DafoeMark WilliamsDrama
341,the wizard of lies,Robert De Niro,Michelle Pfeiffer,Hank Azaria,Barry Levinson,Crime Drama History TV Movie,the wizard of liesRobert De NiroMichelle PfeifferHank AzariaBarry LevinsonCrime Drama History TV Movie
343,blame!,Takahiro Sakurai,Kana Hanazawa,Sora Amamiya,Hiroyuki Seshita,Action Animation Drama Horror Sci-Fi,blame!Takahiro SakuraiKana HanazawaSora AmamiyaHiroyuki SeshitaAction Animation Drama Horror Sci-Fi
344,kill 'em all,Jean-Claude Van Damme,Peter Stormare,María Conchita Alonso,Peter Malota,Action,kill 'em allJean-Claude Van DammePeter StormareMaría Conchita AlonsoPeter MalotaAction
345,kill switch,Dan Stevens,Bérénice Marlohe,Charity Wakefield,Tim Smit,Sci-Fi,kill switchDan StevensBérénice MarloheCharity WakefieldTim SmitSci-Fi
346,the bad batch,Suki Waterhouse,Jason Momoa,Jayda Fink,Ana Lily Amirpour,Thriller Romance Sci-Fi,the bad batchSuki WaterhouseJason MomoaJayda FinkAna Lily AmirpourThriller Romance Sci-Fi
347,maigrets night at the crossroads,Rowan Atkinson,Lucy Cohu,Shaun Dingwall,Sarah Harding,TV Movie Crime Mystery Thriller,maigrets night at the crossroadsRowan AtkinsonLucy CohuShaun DingwallSarah HardingTV Movie Crime Mystery Thriller
348,war for the planet of the apes,Andy Serkis,Woody Harrelson,Steve Zahn,Matt Reeves,Drama Sci-Fi War,war for the planet of the apesAndy SerkisWoody HarrelsonSteve ZahnMatt ReevesDrama Sci-Fi War
349,chronically metropolitan,Shiloh Fernandez,Ashley Benson,Addison Timlin,Xavier Manrique,Drama Comedy,chronically metropolitanShiloh FernandezAshley BensonAddison TimlinXavier ManriqueDrama Comedy
350,kidnap,Halle Berry,Sage Correa,Chris McGinn,Luis Prieto,Drama Thriller,kidnapHalle BerrySage CorreaChris McGinnLuis PrietoDrama Thriller
351,this is not what i expected,Takeshi Kaneshiro,Zhou Dongyu,Ming Xi,Derek Hui,Comedy Romance,this is not what i expectedTakeshi KaneshiroZhou DongyuMing XiDerek HuiComedy Romance
352,how to talk to girls at parties,Elle Fanning,Nicole Kidman,Ruth Wilson,John Cameron Mitchell,Comedy Music Romance Sci-Fi,how to talk to girls at partiesElle FanningNicole KidmanRuth WilsonJohn Cameron MitchellComedy Music Romance Sci-Fi
353,the meyerowitz stories,Adam Sandler,Ben Stiller,Dustin Hoffman,Noah Baumbach,Comedy,the meyerowitz storiesAdam SandlerBen StillerDustin HoffmanNoah BaumbachComedy
354,war machine,Brad Pitt,Anthony Hayes,John Magaro,David Michôd,Comedy Drama War,war machineBrad PittAnthony HayesJohn MagaroDavid MichôdComedy Drama War
355,becoming bond,George Lazenby,Josh Lawson,Kassandra Clementi,Josh Greenbaum,Documentary Comedy,becoming bondGeorge LazenbyJosh LawsonKassandra ClementiJosh GreenbaumDocumentary Comedy
358,the wedding plan,Noa Kooler,Amos Tamam,Oz Zehavi,Rama Burshtein,Comedy Romance,the wedding planNoa KoolerAmos TamamOz ZehaviRama BurshteinComedy Romance
359,red nose day actually,Hugh Grant,Colin Firth,Liam Neeson,Richard Curtis Mat Whitecross,TV Movie Comedy Romance,red nose day actuallyHugh GrantColin FirthLiam NeesonRichard Curtis Mat WhitecrossTV Movie Comedy Romance
360,whitney: can i be me,Whitney Houston,Bobbi Kristina Brown,Bobby Brown,Nick Broomfield Rudi Dolezal,Music Documentary,whitney: can i be meWhitney HoustonBobbi Kristina BrownBobby BrownNick Broomfield Rudi DolezalMusic Documentary
361,valerian and the city of a thousand planets,Dane DeHaan,Cara Delevingne,Clive Owen,Luc Besson,Adventure Sci-Fi Action,valerian and the city of a thousand planetsDane DeHaanCara DelevingneClive OwenLuc BessonAdventure Sci-Fi Action
362,the gracefield incident,Alex C. Nachi,Mathieu Ratthe,Victor Andres Turgeon-Trelles,Mathieu Ratthe,Horror Sci-Fi Action,the gracefield incidentAlex C. NachiMathieu RattheVictor Andres Turgeon-TrellesMathieu RattheHorror Sci-Fi Action
363,long strange trip,Jerry Garcia,Bob Weir,Mickey Hart,Amir Bar-Lev,Music Documentary,long strange tripJerry GarciaBob WeirMickey HartAmir Bar-LevMusic Documentary
365,the mars generation,Bill Nye,Jeffrey Kluger,Neil deGrasse Tyson,Michael Barnett,Documentary,the mars generationBill NyeJeffrey KlugerNeil deGrasse TysonMichael BarnettDocumentary
366,kincsem,Ervin Nagy,Petrik Andrea,Tibor Gáspár,Gábor Herendi Buda Gulyás,Romance Adventure Drama History,kincsemErvin NagyPetrik AndreaTibor GáspárGábor Herendi Buda GulyásRomance Adventure Drama History
368,happy burnout,Kostja Ullmann,Marleen Lohse,Wotan Wilke Möhring,André Erkau,Comedy,happy burnoutKostja UllmannMarleen LohseWotan Wilke MöhringAndré ErkauComedy
371,vamps,Konstantin Kryukov,Михаил Пореченков,Aglaya Shilovskaya,Sergey Ginzburg,Horror Action Fantasy Thriller,vampsKonstantin KryukovМихаил ПореченковAglaya ShilovskayaSergey GinzburgHorror Action Fantasy Thriller
372,breakdown lane,Whitney Moore,William 'Bill' Connor,Owen Conway,Bob Schultz Robert Conway,Drama Horror Thriller,breakdown laneWhitney MooreWilliam 'Bill' ConnorOwen ConwayBob Schultz Robert ConwayDrama Horror Thriller
373,rock'n roll,Guillaume Canet,Marion Cotillard,Gilles Lellouche,Guillaume Canet,Comedy Music,rock'n rollGuillaume CanetMarion CotillardGilles LelloucheGuillaume CanetComedy Music
374,black butterfly,Jonathan Rhys Meyers,Antonio Banderas,Piper Perabo,Brian Goodman,Thriller,black butterflyJonathan Rhys MeyersAntonio BanderasPiper PeraboBrian GoodmanThriller
376,dumb: the story of big brother magazine,Steve Rocco,Jeff Tremaine,Johnny Knoxville,Patrick O'Dell,Documentary,dumb: the story of big brother magazineSteve RoccoJeff TremaineJohnny KnoxvillePatrick O'DellDocumentary
378,the farthest,Frank Drake,John Casani,Lawrence Krauss,Emer Reynolds,Documentary,the farthestFrank DrakeJohn CasaniLawrence KraussEmer ReynoldsDocumentary
379,a stork's journey,Tilman Döbler,Cooper Kelly Kramer,Shannon Conley,Toby Genkel Reza Memari,Adventure Animation,a stork's journeyTilman DöblerCooper Kelly KramerShannon ConleyToby Genkel Reza MemariAdventure Animation
380,the journey,Timothy Spall,Colm Meaney,Freddie Highmore,Nick Hamm,Drama,the journeyTimothy SpallColm MeaneyFreddie HighmoreNick HammDrama
381,mclaren,Dwayne Cameron,Mario Andretti,Alastair Caldwell,Roger Donaldson,Documentary,mclarenDwayne CameronMario AndrettiAlastair CaldwellRoger DonaldsonDocumentary
382,all about the money,Danny Trejo,Casper Van Dien,Mindy Robinson,Blake Freeman,Comedy Action Adventure,all about the moneyDanny TrejoCasper Van DienMindy RobinsonBlake FreemanComedy Action Adventure
384,brain on fire,Chloë Grace Moretz,Thomas Mann,Richard Armitage,Gerard Barrett,Drama,brain on fireChloë Grace MoretzThomas MannRichard ArmitageGerard BarrettDrama
385,lucid dream,Go Soo,Sol Kyung-gu,Park Yoo-chun,Kim Joon-Sung,Sci-Fi Thriller,lucid dreamGo SooSol Kyung-guPark Yoo-chunKim Joon-SungSci-Fi Thriller
386,drone,Sean Bean,Mary McCormack,Joel David Moore,Jason Bourque,Thriller,droneSean BeanMary McCormackJoel David MooreJason BourqueThriller
387,dragonheart: battle for the heartfire,Marte Germaine Christensen,Patrick Stewart,Tom Rhys Harries,Patrik Syversen,Adventure,dragonheart: battle for the heartfireMarte Germaine ChristensenPatrick StewartTom Rhys HarriesPatrik SyversenAdventure
388,stasis,Anna Harr,Mark Grossman,Phyllis Spielman,Nicole Jones-Dion,Adventure Sci-Fi,stasisAnna HarrMark GrossmanPhyllis SpielmanNicole Jones-DionAdventure Sci-Fi
389,amor.com,Isis Valverde,Gil Coelho,Joaquim Lopes,Anita Barbosa,Romance,amor.comIsis ValverdeGil CoelhoJoaquim LopesAnita BarbosaRomance
390,growing up smith,Roni Akurati,Brighton Sharbino,Jason Lee,Frank Lotito,Comedy Family Drama,growing up smithRoni AkuratiBrighton SharbinoJason LeeFrank LotitoComedy Family Drama
391,awol,Lola Kirke,Breeda Wool,Dale Soules,Deb Shoval,Drama,awolLola KirkeBreeda WoolDale SoulesDeb ShovalDrama
392,shimmer lake,Rainn Wilson,Benjamin Walker,John Michael Higgins,Oren Uziel,Thriller Crime Drama Mystery,shimmer lakeRainn WilsonBenjamin WalkerJohn Michael HigginsOren UzielThriller Crime Drama Mystery
393,extraordinary mission,Huang Xuan,Duan Yihong,Lang Yueting,Alan Mak Anthony Pun,Action Crime Thriller,extraordinary missionHuang XuanDuan YihongLang YuetingAlan Mak Anthony PunAction Crime Thriller
394,what happened to monday,Noomi Rapace,Marwan Kenzari,Christian Rubeck,Tommy Wirkola,Sci-Fi Thriller,what happened to mondayNoomi RapaceMarwan KenzariChristian RubeckTommy WirkolaSci-Fi Thriller
395,the son of bigfoot,Tom Beck,Cinda Adams,Bob Barlen,Ben Stassen Jérémie Degruson,Animation Comedy,the son of bigfootTom BeckCinda AdamsBob BarlenBen Stassen Jérémie DegrusonAnimation Comedy
396,tokyo ghoul,Masataka Kubota,Yu Aoi,Fumika Shimizu,Kentaro Hagiwara,Action Drama Horror Thriller,tokyo ghoulMasataka KubotaYu AoiFumika ShimizuKentaro HagiwaraAction Drama Horror Thriller
397,on body and soul,Alexandra Borbély,Morcsányi Géza,Zoltán Schneider,Ildikó Enyedi,Drama Romance,on body and soulAlexandra BorbélyMorcsányi GézaZoltán SchneiderIldikó EnyediDrama Romance
398,atomic blonde,Charlize Theron,James McAvoy,Sofia Boutella,David Leitch,Action Thriller,atomic blondeCharlize TheronJames McAvoySofia BoutellaDavid LeitchAction Thriller
399,god of war,Vincent Zhao,Sammo Hung,Regina Wan,Gordon Chan,Action History,god of warVincent ZhaoSammo HungRegina WanGordon ChanAction History
400,aaron's blood,James Martinez,Trevor Sterling Stovall,Michael Chieffo,Tommy Stovall,Drama Horror Mystery Thriller,aaron's bloodJames MartinezTrevor Sterling StovallMichael ChieffoTommy StovallDrama Horror Mystery Thriller
401,new trial,Jung Woo,Kang Ha-Neul,Kim Hae-sook,Kim Tae-yoon,Drama,new trialJung WooKang Ha-NeulKim Hae-sookKim Tae-yoonDrama
403,the exception,Lily James,Jai Courtney,Eddie Marsan,David Leveaux,Drama,the exceptionLily JamesJai CourtneyEddie MarsanDavid LeveauxDrama
404,goon: last of the enforcers,Seann William Scott,Alison Pill,Marc-André Grondin,Jay Baruchel,Comedy,goon: last of the enforcersSeann William ScottAlison PillMarc-André GrondinJay BaruchelComedy
405,dunkirk,Fionn Whitehead,Tom Glynn-Carney,Jack Lowden,Christopher Nolan,Action Drama History Thriller War,dunkirkFionn WhiteheadTom Glynn-CarneyJack LowdenChristopher NolanAction Drama History Thriller War
406,bairavaa,Vijay,Keerthi Suresh,Jagapati Babu,Bharathan,Action,bairavaaVijayKeerthi SureshJagapati BabuBharathanAction
408,the summoning,Eric Roberts,Leila Almas,Jaime Zevallos,Alberto G. Rodriguez,Thriller Drama Mystery,the summoningEric RobertsLeila AlmasJaime ZevallosAlberto G. RodriguezThriller Drama Mystery
409,once upon a time in venice,Bruce Willis,Jason Momoa,John Goodman,Mark Cullen,Action Comedy Thriller,once upon a time in veniceBruce WillisJason MomoaJohn GoodmanMark CullenAction Comedy Thriller
410,resurrecting hassan,Denis Harting,Peggy Roux,Lauviah Harting,Carlo Guillermo Proto,Documentary,resurrecting hassanDenis HartingPeggy RouxLauviah HartingCarlo Guillermo ProtoDocumentary
412,an inconvenient sequel: truth to power,Al Gore,Barack Obama,Donald Trump,Bonni Cohen Jon Shenk,Documentary,an inconvenient sequel: truth to powerAl GoreBarack ObamaDonald TrumpBonni Cohen Jon ShenkDocumentary
413,rakka,Sigourney Weaver,Eugene Khumbanyiwa,Robert Hobbs,Neill Blomkamp,Action Sci-Fi,rakkaSigourney WeaverEugene KhumbanyiwaRobert HobbsNeill BlomkampAction Sci-Fi
414,jawbone,Johnny Harris,Ian McShane,Ray Winstone,Thomas Q. Napper,Action Drama,jawboneJohnny HarrisIan McShaneRay WinstoneThomas Q. NapperAction Drama
416,confidential assignment,Hyun Bin,Yoo Hae-jin,Kim Joo-hyuk,Sung-hoon Kim,Action Drama Comedy,confidential assignmentHyun BinYoo Hae-jinKim Joo-hyukSung-hoon KimAction Drama Comedy
417,altitude,Dolph Lundgren,Denise Richards,Greer Grammer,Alex Merkin,Action Thriller,altitudeDolph LundgrenDenise RichardsGreer GrammerAlex MerkinAction Thriller
419,cream,David Firth,Carla Simpson,Christian Webb,David Firth,Animation Comedy Sci-Fi,creamDavid FirthCarla SimpsonChristian WebbDavid FirthAnimation Comedy Sci-Fi
420,orbiter 9,Clara Lago,Belén Rueda,Álex González,Hatem Khraiche,Drama Sci-Fi Romance,orbiter 9Clara LagoBelén RuedaÁlex GonzálezHatem KhraicheDrama Sci-Fi Romance
421,chasing trane,Denzel Washington,Common,Bill Clinton,John Scheinfeld,Documentary,chasing traneDenzel WashingtonCommonBill ClintonJohn ScheinfeldDocumentary
423,abacus: small enough to jail,Neil Barofsky,Ti-Hua Chang,Jiayang Fan,Steve James,Documentary,abacus: small enough to jailNeil BarofskyTi-Hua ChangJiayang FanSteve JamesDocumentary
424,transformers: the last knight,Mark Wahlberg,Josh Duhamel,Laura Haddock,Michael Bay,Action Sci-Fi Thriller Adventure,transformers: the last knightMark WahlbergJosh DuhamelLaura HaddockMichael BayAction Sci-Fi Thriller Adventure
425,churchill,Brian Cox,Miranda Richardson,John Slattery,Jonathan Teplitzky,Drama Thriller War,churchillBrian CoxMiranda RichardsonJohn SlatteryJonathan TeplitzkyDrama Thriller War
427,tubelight,Salman Khan,Zhu Zhu,Sohail Khan,Kabir Khan,Drama History War,tubelightSalman KhanZhu ZhuSohail KhanKabir KhanDrama History War
428,the hatton garden job,Matthew Goode,Joely Richardson,Larry Lamb,Ronnie Thompson,Crime,the hatton garden jobMatthew GoodeJoely RichardsonLarry LambRonnie ThompsonCrime
429,hampstead,Diane Keaton,Brendan Gleeson,James Norton,Joel Hopkins,Romance Comedy,hampsteadDiane KeatonBrendan GleesonJames NortonJoel HopkinsRomance Comedy
430,1 night,Kyle Allen,Isabelle Fuhrman,Justin Chatwin,Minhal Baig,Drama Romance,1 nightKyle AllenIsabelle FuhrmanJustin ChatwinMinhal BaigDrama Romance
431,"oh, hello: on broadway",Nick Kroll,John Mulaney,Steve Martin,Michael John Warren Alex Timbers,Comedy,"oh, hello: on broadwayNick KrollJohn MulaneySteve MartinMichael John Warren Alex TimbersComedy"
432,site unseen: an emma fielding mystery,Courtney Thorne-Smith,James Tupper,Adam DiMarco,Douglas Barr,Mystery,site unseen: an emma fielding mysteryCourtney Thorne-SmithJames TupperAdam DiMarcoDouglas BarrMystery
433,savageland,Monica Davis,Edward L. Green,Patrick Pedraza,Phil Guidry Simon Herbert David Whelan,Horror Mystery,savagelandMonica DavisEdward L. GreenPatrick PedrazaPhil Guidry Simon Herbert David WhelanHorror Mystery
434,ava,Noée Abita,Laure Calamy,Juan Cano,Léa Mysius,Drama,avaNoée AbitaLaure CalamyJuan CanoLéa MysiusDrama
435,you get me,Bella Thorne,Halston Sage,Taylor John Smith,Brent Bonacorso,Thriller Romance Drama,you get meBella ThorneHalston SageTaylor John SmithBrent BonacorsoThriller Romance Drama
436,grey lady,Eric Dane,Natalie Zea,Amy Madigan,John Shea,Thriller,grey ladyEric DaneNatalie ZeaAmy MadiganJohn SheaThriller
437,good time,Robert Pattinson,Jennifer Jason Leigh,Ben Safdie,Joshua Safdie Ben Safdie,Drama Thriller Crime,good timeRobert PattinsonJennifer Jason LeighBen SafdieJoshua Safdie Ben SafdieDrama Thriller Crime
438,eat locals,Charlie Cox,Tony Curran,Mackenzie Crook,Jason Flemyng,Action Comedy Horror,eat localsCharlie CoxTony CurranMackenzie CrookJason FlemyngAction Comedy Horror
439,tuintje in mijn hart,Sanne Langelaar,Fockeline Ouwerkerk,Imanuelle Grives,Marc Waltman,Romance Drama,tuintje in mijn hartSanne LangelaarFockeline OuwerkerkImanuelle GrivesMarc WaltmanRomance Drama
440,selfie,Santiago Alverú,Pepe Ocio,Alicia Rubio,Víctor García León,Comedy,selfieSantiago AlverúPepe OcioAlicia RubioVíctor García LeónComedy
441,duckweed,Eddie Peng,Deng Chao,Zhao Liying,Han Han,Comedy Drama,duckweedEddie PengDeng ChaoZhao LiyingHan HanComedy Drama
442,kavan,Vijay Sethupathi,Madonna Sebastian,T. Rajendar,K. V. Anand,Thriller Drama,kavanVijay SethupathiMadonna SebastianT. RajendarK. V. AnandThriller Drama
444,the house,Amy Poehler,Will Ferrell,Allison Tolman,Andrew J. Cohen,Comedy,the houseAmy PoehlerWill FerrellAllison TolmanAndrew J. CohenComedy
445,five came back,Guillermo del Toro,Steven Spielberg,Paul Greengrass,Laurent Bouzereau,War Documentary,five came backGuillermo del ToroSteven SpielbergPaul GreengrassLaurent BouzereauWar Documentary
446,the babymoon,Julie McNiven,Shaun Sipos,Jessica Camacho,Bailey Kobe,Romance Action Adventure Comedy Drama,the babymoonJulie McNivenShaun SiposJessica CamachoBailey KobeRomance Action Adventure Comedy Drama
447,legion of brothers,Jason Amerine,George W. Bush,Mark Nutsch,Greg Barker,Documentary,legion of brothersJason AmerineGeorge W. BushMark NutschGreg BarkerDocumentary
448,summer 1993,Laia Artigas,Bruna Cusí,David Verdaguer,Carla Simón,Drama Family,summer 1993Laia ArtigasBruna CusíDavid VerdaguerCarla SimónDrama Family
449,return to montauk,Stellan Skarsgård,Nina Hoss,Bronagh Gallagher,Volker Schlöndorff,Drama,return to montaukStellan SkarsgårdNina HossBronagh GallagherVolker SchlöndorffDrama
450,chuck,Liev Schreiber,Naomi Watts,Elisabeth Moss,Philippe Falardeau,Drama,chuckLiev SchreiberNaomi WattsElisabeth MossPhilippe FalardeauDrama
451,2:22,Michiel Huisman,Teresa Palmer,Sam Reid,Paul Currie,Drama Thriller,2:22Michiel HuismanTeresa PalmerSam ReidPaul CurrieDrama Thriller
452,a bag of marbles,Dorian Le Clech,Batyste Fleurial,Patrick Bruel,Christian Duguay,Drama,a bag of marblesDorian Le ClechBatyste FleurialPatrick BruelChristian DuguayDrama
454,ripped,Alex Meneses,Faizon Love,Russell Peters,Brad Epstein,Comedy,rippedAlex MenesesFaizon LoveRussell PetersBrad EpsteinComedy
455,firebase,Steve Boyle,Nic Rhind,Robert Hobbs,Neill Blomkamp,Action Sci-Fi War,firebaseSteve BoyleNic RhindRobert HobbsNeill BlomkampAction Sci-Fi War
458,chasing coral,Andrew Ackerman,Pim Bongaerts,Neal Cantin,Jeff Orlowski,Documentary,chasing coralAndrew AckermanPim BongaertsNeal CantinJeff OrlowskiDocumentary
460,78/52,Guillermo del Toro,Peter Bogdanovich,Karyn Kusama,Alexandre O. Philippe,Documentary,78/52Guillermo del ToroPeter BogdanovichKaryn KusamaAlexandre O. PhilippeDocumentary
462,what the health,Kip Andersen,Larry Baldwin,Neal Barnard,Kip Andersen Keegan Kuhn,Documentary,what the healthKip AndersenLarry BaldwinNeal BarnardKip Andersen Keegan KuhnDocumentary
464,revolt,Lee Pace,Bérénice Marlohe,Jason Flemyng,Joe Miale,Sci-Fi,revoltLee PaceBérénice MarloheJason FlemyngJoe MialeSci-Fi
465,hickok,Luke Hemsworth,Trace Adkins,Bruce Dern,Timothy Woodward Jr.,Western,hickokLuke HemsworthTrace AdkinsBruce DernTimothy Woodward Jr.Western
466,do you take this man,Anthony Rapp,Alona Tal,Alyson Hannigan,Joshua Tunick,Drama,do you take this manAnthony RappAlona TalAlyson HanniganJoshua TunickDrama
467,the dark tower,Idris Elba,Matthew McConaughey,Tom Taylor,Nikolaj Arcel,Action Western Sci-Fi Fantasy Horror,the dark towerIdris ElbaMatthew McConaugheyTom TaylorNikolaj ArcelAction Western Sci-Fi Fantasy Horror
468,soundtrack,Selton Mello,Ralph Ineson,Seu Jorge,300ml,Drama,soundtrackSelton MelloRalph InesonSeu Jorge300mlDrama
469,midday event,Mehrdad Sedighian,Babak Hamidian,Javad Ezati,Mohammad Hossein Mahdavian,Action Crime History,midday eventMehrdad SedighianBabak HamidianJavad EzatiMohammad Hossein MahdavianAction Crime History
470,inconceivable,Nicolas Cage,Gina Gershon,Nicky Whelan,Jonathan Baker,Thriller Drama,inconceivableNicolas CageGina GershonNicky WhelanJonathan BakerThriller Drama
471,bon cop bad cop 2,Patrick Huard,Colm Feore,Erik Knudsen,Alain Desrochers,Crime Comedy Action,bon cop bad cop 2Patrick HuardColm FeoreErik KnudsenAlain DesrochersCrime Comedy Action
472,security,Antonio Banderas,Ben Kingsley,Liam McIntyre,Alain Desrochers,Action,securityAntonio BanderasBen KingsleyLiam McIntyreAlain DesrochersAction
473,overdrive,Scott Eastwood,Freddie Thorp,Ana de Armas,Antonio Negret,Thriller Action,overdriveScott EastwoodFreddie ThorpAna de ArmasAntonio NegretThriller Action
474,speech & debate,Liam James,Sarah Steele,Austin P. McKenzie,Dan Harris,Comedy Drama,speech & debateLiam JamesSarah SteeleAustin P. McKenzieDan HarrisComedy Drama
475,tour de pharmacy,Orlando Bloom,Andy Samberg,John Cena,Jake Szymanski,Comedy TV Movie,tour de pharmacyOrlando BloomAndy SambergJohn CenaJake SzymanskiComedy TV Movie
477,dirty dancing,Abigail Breslin,Colt Prattes,Sarah Hyland,Wayne Blair,Music Drama Romance TV Movie,dirty dancingAbigail BreslinColt PrattesSarah HylandWayne BlairMusic Drama Romance TV Movie
478,devil's gate,Milo Ventimiglia,Bridget Regan,Amanda Schull,Clay Staub,Sci-Fi Thriller,devil's gateMilo VentimigliaBridget ReganAmanda SchullClay StaubSci-Fi Thriller
479,abduction,Karolina Antosik,Amelie Leroy,Tessa McGinn,Molly Smith Maurice Smith,Fantasy Drama,abductionKarolina AntosikAmelie LeroyTessa McGinnMolly Smith Maurice SmithFantasy Drama
480,obit,William McDonald,Bruce Weber,Margalit Fox,Vanessa Gould,Documentary,obitWilliam McDonaldBruce WeberMargalit FoxVanessa GouldDocumentary
481,the truth is in the stars,William Shatner,Neil deGrasse Tyson,Chris Hadfield,Craig Thompson,Documentary,the truth is in the starsWilliam ShatnerNeil deGrasse TysonChris HadfieldCraig ThompsonDocumentary
482,the emoji movie,T.J. Miller,James Corden,Anna Faris,Anthony Leondis,Comedy Family Animation,the emoji movieT.J. MillerJames CordenAnna FarisAnthony LeondisComedy Family Animation
483,bedeviled,Saxon Sharbino,Bonnie Morgan,Brandon Soo Hoo,Abel Vang Burlee Vang,Horror Thriller,bedeviledSaxon SharbinoBonnie MorganBrandon Soo HooAbel Vang Burlee VangHorror Thriller
484,the saint,Adam Rayner,Eliza Dushku,Ian Ogilvy,Ernie Barbarash,Action Adventure Crime,the saintAdam RaynerEliza DushkuIan OgilvyErnie BarbarashAction Adventure Crime
485,mom or dad?,Paola Cortellesi,Antonio Albanese,Carlo Buccirosso,Riccardo Milani,Comedy,mom or dad?Paola CortellesiAntonio AlbaneseCarlo BuccirossoRiccardo MilaniComedy
486,the hippopotamus,Roger Allam,Matthew Modine,Tim McInnerny,John Jencks,Comedy,the hippopotamusRoger AllamMatthew ModineTim McInnernyJohn JencksComedy
487,wind river,Jeremy Renner,Elizabeth Olsen,Gil Birmingham,Taylor Sheridan,Action Crime Mystery Thriller,wind riverJeremy RennerElizabeth OlsenGil BirminghamTaylor SheridanAction Crime Mystery Thriller
489,the nile hilton incident,Fares Fares,Mari Malek,Mohamed Yousry,Tarik Saleh,Thriller Drama,the nile hilton incidentFares FaresMari MalekMohamed YousryTarik SalehThriller Drama
490,blockbuster,Svetlana Ustinova,Anna Chipovskaya,Yevgeni Tsyganov,Roman Volobuev,Comedy Crime,blockbusterSvetlana UstinovaAnna ChipovskayaYevgeni TsyganovRoman VolobuevComedy Crime
491,shot caller,Nikolaj Coster-Waldau,Jon Bernthal,Lake Bell,Ric Roman Waugh,Drama Crime Thriller,shot callerNikolaj Coster-WaldauJon BernthalLake BellRic Roman WaughDrama Crime Thriller
494,s.w.a.t.: under siege,Adrianne Palicki,Michael Jai White,Ty Olsson,Tony Giglio,Action Crime Thriller,s.w.a.t.: under siegeAdrianne PalickiMichael Jai WhiteTy OlssonTony GiglioAction Crime Thriller
495,the dragon spell,Arsen Shavlyuk,Vasyl Virastyuk,Ruslana Pysanka,Manuk Depoyan,Family Comedy Animation Fantasy Adventure,the dragon spellArsen ShavlyukVasyl VirastyukRuslana PysankaManuk DepoyanFamily Comedy Animation Fantasy Adventure
498,wish upon,Joey King,Ryan Phillippe,Sherilyn Fenn,John R. Leonetti,Fantasy Horror Thriller,wish uponJoey KingRyan PhillippeSherilyn FennJohn R. LeonettiFantasy Horror Thriller
499,girls trip,Regina Hall,Queen Latifah,Jada Pinkett Smith,Malcolm D. Lee,Comedy,girls tripRegina HallQueen LatifahJada Pinkett SmithMalcolm D. LeeComedy
500,landline,Jenny Slate,Edie Falco,Abby Quinn,Gillian Robespierre,Comedy,landlineJenny SlateEdie FalcoAbby QuinnGillian RobespierreComedy
501,detroit,John Boyega,Will Poulter,Algee Smith,Kathryn Bigelow,Thriller Crime Drama History,detroitJohn BoyegaWill PoulterAlgee SmithKathryn BigelowThriller Crime Drama History
502,columbus,John Cho,Haley Lu Richardson,Parker Posey,Kogonada,Drama,columbusJohn ChoHaley Lu RichardsonParker PoseyKogonadaDrama
503,fittest on earth: a decade of fitness,Matt Fraser,Ben Smith,Sara Sigmundsdottir,Heber Cannon Marston Sawyers Ian Wittenber Mariah Moore,Documentary,fittest on earth: a decade of fitnessMatt FraserBen SmithSara SigmundsdottirHeber Cannon Marston Sawyers Ian Wittenber Mariah MooreDocumentary
504,zero 3,Inga Jankauskaitė,Mindaugas Papinigis,Ramūnas Rudokas,Emilis Velyvis,Thriller,zero 3Inga JankauskaitėMindaugas PapinigisRamūnas RudokasEmilis VelyvisThriller
505,feed,Troian Bellisario,Tom Felton,Ben Winchell,Tommy Bertelsen,Drama,feedTroian BellisarioTom FeltonBen WinchellTommy BertelsenDrama
506,the girl from the song,Lewis Rainer,Joséphine Berry,Charlotte Atkinson,Ibai Abad,Drama Music Romance,the girl from the songLewis RainerJoséphine BerryCharlotte AtkinsonIbai AbadDrama Music Romance
507,self-criticism of a bourgeois dog,Julian Radlmaier,Deragh Campbell,Beniamin Forthi,Julian Radlmaier,Comedy,self-criticism of a bourgeois dogJulian RadlmaierDeragh CampbellBeniamin ForthiJulian RadlmaierComedy
508,sahara,Omar Sy,Louane Emera,Franck Gastambide,Pierre Coré,Adventure Animation Comedy Family,saharaOmar SyLouane EmeraFranck GastambidePierre CoréAdventure Animation Comedy Family
509,the double lover,Marine Vacth,Jérémie Renier,Jacqueline Bisset,François Ozon,Thriller,the double loverMarine VacthJérémie RenierJacqueline BissetFrançois OzonThriller
510,first kill,Bruce Willis,Hayden Christensen,Gethin Anthony,Steven C. Miller,Action Thriller,first killBruce WillisHayden ChristensenGethin AnthonySteven C. MillerAction Thriller
511,la 92,Rodney King,Tom Brokaw,George H. W. Bush,T.J. Martin Daniel Lindsay,Documentary,la 92Rodney KingTom BrokawGeorge H. W. BushT.J. Martin Daniel LindsayDocumentary
512,descendants 2,Dove Cameron,Sofia Carson,Cameron Boyce,Kenny Ortega,TV Movie Family Action Comedy Music Adventure,descendants 2Dove CameronSofia CarsonCameron BoyceKenny OrtegaTV Movie Family Action Comedy Music Adventure
516,the art of loving. story of michalina wislocka,Magdalena Boczarska,Piotr Adamczyk,Justyna Wasilewska,Maria Sadowska,Drama,the art of loving. story of michalina wislockaMagdalena BoczarskaPiotr AdamczykJustyna WasilewskaMaria SadowskaDrama
517,bye bye germany,Anatole Taubman,Moritz Bleibtreu,Joel Basman,Sam Garbarski,Comedy Drama War,bye bye germanyAnatole TaubmanMoritz BleibtreuJoel BasmanSam GarbarskiComedy Drama War
518,american violence,Kaiwi Lyman,Bruce Dern,Denise Richards,Timothy Woodward Jr.,Crime Drama Thriller,american violenceKaiwi LymanBruce DernDenise RichardsTimothy Woodward Jr.Crime Drama Thriller
519,with open arms,Christian Clavier,Ary Abittan,Elsa Zylberstein,Philippe de Chauveron,Comedy,with open armsChristian ClavierAry AbittanElsa ZylbersteinPhilippe de ChauveronComedy
520,scribe,François Cluzet,Denis Podalydès,Sami Bouajila,Thomas Kruithof,Thriller,scribeFrançois CluzetDenis PodalydèsSami BouajilaThomas KruithofThriller
521,lego dc super hero girls: brain drain,Grey Griffin,Tara Strong,Anais Fairweather,Todd Grimes,Animation,lego dc super hero girls: brain drainGrey GriffinTara StrongAnais FairweatherTodd GrimesAnimation
522,take me,Taylor Schilling,Pat Healy,Alycia Delmore,Pat Healy,Comedy Crime,take meTaylor SchillingPat HealyAlycia DelmorePat HealyComedy Crime
523,phillauri,Anushka Sharma,Diljit Dosanjh,Suraj Sharma,Anshai Lal,Fantasy Comedy Romance Drama,phillauriAnushka SharmaDiljit DosanjhSuraj SharmaAnshai LalFantasy Comedy Romance Drama
524,the incredible jessica james,Jessica Williams,Chris O'Dowd,Keith Stanfield,Jim Strouse,Romance Comedy,the incredible jessica jamesJessica WilliamsChris O'DowdKeith StanfieldJim StrouseRomance Comedy
525,can't buy my love,Adelaide Kane,Benjamin Hollingsworth,Jean Louisa Kelly,Farhad Mann,Romance,can't buy my loveAdelaide KaneBenjamin HollingsworthJean Louisa KellyFarhad MannRomance
526,thick lashes of lauri mäntyvaara,Inka Haapamäki,Rosa Honkonen,Tiitus Rantala,Hannaleena Hauru,Romance Comedy,thick lashes of lauri mäntyvaaraInka HaapamäkiRosa HonkonenTiitus RantalaHannaleena HauruRomance Comedy
527,cop and a half: new recruit,Lou Diamond Phillips,Wallace Shawn,Gina Holden,Jonathan A. Rosenbaum,Crime Comedy Action Family,cop and a half: new recruitLou Diamond PhillipsWallace ShawnGina HoldenJonathan A. RosenbaumCrime Comedy Action Family
529,mom,Sridevi Kapoor,Sajal Ali,Akshaye Khanna,Ravi Udyawar,Crime Drama Thriller,momSridevi KapoorSajal AliAkshaye KhannaRavi UdyawarCrime Drama Thriller
